Assembly Accession	Assembly Name	Annotation Name	Annotation Release Date	Organism Name
GCA_022829085.1	ASM2282908v1			Abramis brama
GCA_900312575.1	ASM90031257v1			Acanthochaenus luetkenii
GCF_021347895.1	KAUST_Apoly_ChrSc	GCF_021347895.1-RS_2023_02	2023-02-27	Acanthochromis polyacanthus
GCF_904848185.1	fAcaLat1.1	NCBI Acanthopagrus latus Annotation Release 100	2020-10-30	Acanthopagrus latus
GCA_029814675.1	ASM2981467v1			Acanthurus coeruleus
GCA_029814705.1	ASM2981470v1			Acanthurus grammoptilus
GCA_029814765.1	ASM2981476v1			Acanthurus leucopareius
GCA_029814665.1	ASM2981466v1			Acanthurus lineatus
GCA_029814725.1	ASM2981472v1			Acanthurus nigricauda
GCA_029823135.1	ASM2982313v1			Acanthurus reversus
GCA_029783805.1	ASM2978380v1			Acanthurus tennentii
GCA_029783725.1	ASM2978372v1			Acanthurus tractus
GCA_034509495.1	ASM3450949v1			Acestrorhynchus altus
GCA_029874615.1	ASM2987461v1			Achondrostoma oligolepis
GCA_024762115.1	AG_genome			Acipenser gueldenstaedtii
GCA_030684275.1	Acipenser_oxyrinchus.AOXY1.1	Annotation submitted by Elena Santidrian, Ron DirksHeiner Kuhl, Jörn Gessner, Sven Wuertz, Matthias Stöck, Kang Du, Manfred Schartl,Christophe Klopp, Yann Guiguen, Cédric Cabau, Céline Lopez-Roques	2023-08-08	Acipenser oxyrinchus oxyrinchus
GCF_902713425.1	fAciRut3.2 maternal haplotype	GCF_902713425.1-RS_2023_08	2023-08-10	Acipenser ruthenus
GCA_020113195.1	MU_Atrans_1.0			Acipenser transmontanus
GCA_036784905.1	ASM3678490v1			Acrossocheilus fasciatus
GCA_029620275.1	ASM2962027v1			Acrossocheilus wenchowensis
GCA_916700685.1	A_latens_148487			Adelosebastes latens
GCA_036245035.1	ASM3624503v1			Adrianichthys oophorus
GCA_901007665.1	Aeoliscus_strigatus_assembly			Aeoliscus strigatus
GCA_003347165.1	ASM334716v1			Ageneiosus marmoratus
GCA_943590845.1	fAkaNud1			Akarotaxis nudiceps
GCA_019788955.1	BYU_Aglo_1.0	Annotation submitted by Brigham Young University	2021-08-27	Albula glossodonta
GCA_022829145.1	AGOR_1.0	Annotation submitted by GenoFish	2022-04-08	Albula goreensis
GCA_029874995.1	ASM2987499v1			Alburnus alburnus
GCA_029706075.1	AAFF_1.1	Annotation submitted by GenoFish	2023-04-12	Aldrovandia affinis
GCA_037576975.1	ASM3757697v1			Alestes dentex
GCA_037577075.1	ASM3757707v1			Alestopetersius hilgendorfi
GCA_903066825.1	HVK_AC_001			Alfaro cultratus
GCA_024542945.1	ASM2454294v1			allo-octoploid hybrid of Carassius auratus x Cyprinus carpio
GCF_017589495.1	AALO_Geno_1.1	NCBI Alosa alosa Annotation Release 100	2022-05-13	Alosa alosa
GCA_029875135.1	ASM2987513v1			Alosa fallax
GCF_018492685.1	fAloSap1.pri	NCBI Alosa sapidissima Annotation Release 100	2021-06-09	Alosa sapidissima
GCA_015052405.1	IOE3.scf			Altolamprologus calvus
GCA_015104655.1	ISC9.scf			Altolamprologus compressiceps
GCA_015104895.1	IRH2.scf			Altolamprologus sp. 'compressiceps shell' AB-2019
GCA_036025115.1	ASM3602511v1			Ambassis agassizii
GCA_036877625.1	ASM3687762v1			Ambastaia sidthimunki
GCA_027564755.1	ASM2756475v1			Amblyopsis hoosieri
GCA_025399935.1	ASM2539993v1			Amblyopsis rosae
GCA_027564775.1	ASM2756477v1			Amblyopsis spelaea
GCA_040091285.1	ASv1.0	Annotation submitted by University of St Andrews	2024-06-07	Ameca splendens
GCA_012411365.1	AMELA_1.0	Annotation submitted by GenoFish	2020-04-16	Ameiurus melas
GCA_036373705.1	fAmiCal2.hap1			Amia calva
GCA_027576215.1	ASM2757621v1			Amissidens hainesi
GCA_026122265.1	UConn_ADub_2022			Ammodytes dubius
GCA_949987685.1	fAmmMar1.1			Ammodytes marinus
GCA_028566735.1	ASM2856673v1			Ammoglanis amapaensis
GCA_037176925.1	ASM3717692v1			Amniataba percoides
GCA_013435755.1	ASM1343575v1			Amphilophus citrinellus
GCA_015108585.1	JWE1.scf			Amphilophus zaliosus
GCA_027123335.1	OIST_Acla_v1			Amphiprion clarkii
GCF_022539595.1	ASM2253959v1	GCF_022539595.1-RS_2023_03	2023-03-29	Amphiprion ocellaris
GCA_003047355.2	Nemo_v1.1			Amphiprion percula
GCA_003731715.1	BGI_Agra_1.0	Annotation submitted by BGI	2018-11-15	Anabarilius grahami
GCF_900324465.2	fAnaTes1.2	NCBI Anabas testudineus Annotation Release 101	2020-04-03	Anabas testudineus
GCA_900324465.3	fAnaTes1.3			Anabas testudineus
GCA_014839685.1	fAnaAna1.pri			Anableps anableps
GCA_032275365.1	ASM3227536v1			Anablepsoides cearensis
GCA_031762495.1	ASM3176249v1			Anablepsoides rubrolineatus
GCF_004355925.1	GSC_Weel_1.0	NCBI Anarrhichthys ocellatus Annotation Release 100	2019-12-12	Anarrhichthys ocellatus
GCA_036281575.1	ASM3628157v1			Ancherythroculter nigrocauda
GCA_025084515.1	ASM2508451v1			Ancistrus triradiatus
GCA_015108635.1	JWD7.scf			Andinoacara biseriatus
GCF_013347855.1	fAngAng1.pri	NCBI Anguilla anguilla Annotation Release 100	2020-07-01	Anguilla anguilla
GCA_039654925.2	AngPac_1			Anguilla bicolor pacifica
GCA_025169545.1	ASM2516954v1			Anguilla japonica
GCA_901111315.1	Anguilla_marmorata_assembly			Anguilla marmorata
GCA_901111305.1	Anguilla_megastoma_assembly			Anguilla megastoma
GCA_901111295.1	Anguilla_obscura_assembly			Anguilla obscura
GCF_018555375.3	ASM1855537v3	GCF_018555375.3-RS_2024_04	2024-04-03	Anguilla rostrata
GCA_900683385.1	Anoplogaster_cornuta_assembly			Anoplogaster cornuta
GCF_027596085.1	Afim_UVic_2022	GCF_027596085.1-RS_2023_03	2023-03-23	Anoplopoma fimbria
GCA_013358685.1	fAntMac1.pri			Antennarius maculatus
GCA_040054535.1	ASM4005453v1			Antennarius striatus
GCA_021346845.1	UniBe_ApeQuad_1.0			Apeltes quadracus
GCA_028564705.1	Aphanius_MNCN_1.0			Aphanius iberus
GCA_027564795.1	ASM2756479v1			Aphredoderus sayanus
GCA_006937985.1	MPIBA_Aaus_1.0			Aphyosemion australe
GCA_015052665.1	JWD9.scf			Apistogramma diplotaenia
GCA_017639675.1	fAplTae1.pri			Aplochiton taeniatus
GCA_037367295.1	ASM3736729v1			Apogon hyalosoma
GCA_037367365.1	ASM3736736v1			Apogon talboti
GCA_029814545.1	ASM2981454v1			Apogonichthyoides opercularis
GCA_900497675.1	Agigas_genome_assembly_all_mixed_samples			Arapaima gigas
GCF_007364275.1	fArcCen1	NCBI Archocentrus centrarchus Annotation Release 100	2019-09-03	Archocentrus centrarchus
GCA_900303235.1	ASM90030323v1			Arctogadus glacialis
GCA_951799395.1	fArgSil1.1			Argentina silus
GCA_015710095.1	ASM1571009v1			Argyrosomus japonicus
GCA_946959425.1	aregius_2022			Argyrosomus regius
GCA_026413345.1	ASM2641334v1			Ariopsis seemanni
GCA_025399975.1	ASM2539997v1			Arius gagora
GCA_027575915.1	ASM2757591v1			Arius madagascariensis
GCA_037974385.1	ASM3797438v1			Arnoldichthys spilopterus
GCA_016586285.1	aroFir_1.0			Arothron firmamentum
GCA_037176975.1	ASM3717697v1			Arrhamphus sclerolepis
GCA_028565295.1	ASM2856529v1			Aspidoras spilotus
GCA_023376895.1	ASM2337689v1			Aspiorhynchus laticeps
GCA_015109875.1	KAE8.scf			Astatoreochromis straeleni
GCF_900246225.1	fAstCal1.2	NCBI Astatotilapia calliptera Annotation Release 100	2018-08-31	Astatotilapia calliptera
GCA_900246225.5	fAstCal1.3			Astatotilapia calliptera
GCA_015112995.1	LJD2.scf			Astatotilapia flaviijosephi
GCA_015110235.1	JYD3.scf			Astatotilapia stappersii
GCF_023375975.1	AstMex3_surface	NCBI Astyanax mexicanus Annotation Release 103	2022-07-06	Astyanax mexicanus
GCA_036250305.1	USTA_Atow_v1.0	Annotation submitted by University of St Andrews	2024-01-29	Ataeniobius toweri
GCA_029874935.1	ASM2987493v1			Atherina boyeri
GCA_023101725.1	atherinomorus_stipes_v1			Atherinomorus stipes
GCA_037177055.1	ASM3717705v1			Atherinosoma microstoma
GCA_016984175.1	BGI_Aspa_1.0	Annotation submitted by BGI	2021-02-26	Atractosteus spatula
GCA_015102295.1	AUA9.scf			Aulonocranus dewindti
GCA_037954235.1	RoL_Achi_v1.0			Aulostomus chinensis
GCA_030220045.1	ASM3022004v1			Australoheros facetus
GCA_015108615.1	JWE2.scf			Australoheros scitulus
GCF_001266775.1	Austrofundulus_limnaeus-1.0	NCBI Austrofundulus limnaeus Annotation Release 100	2015-09-02	Austrofundulus limnaeus
GCA_038048925.1	CRG_Ach_1			Austrolebias charrua
GCA_031763805.1	ASM3176380v1			Austrolebias nigripinnis
GCA_005784505.1	ASM578450v1	Annotation submitted by Shenzhen Key Lab of Marine Genomics	2019-07-29	Bagarius yarrelli
GCA_028877455.1	ASM2887745v1			Bagre pinnimaculatus
GCA_028566695.1	ASM2856669v1			Bagroides melapterus
GCA_015107735.1	JAE9.scf			Baileychromis centropomoides
GCA_037178815.1	Ortbar1			Barbatula barbatula
GCA_936440315.1	fBarBab1.1			Barbus barbus
GCA_037974585.1	ASM3797458v1			Bathyaethiops greeni
GCA_015104405.1	ITH3.scf			Bathybates fasciatus
GCA_015111595.1	LCD6.scf			Bathybates ferox
GCA_015102795.1	ILG7.scf			Bathybates graueri
GCA_015107495.1	JDE4.scf			Bathybates hornii
GCA_015102875.1	ILF7.scf			Bathybates leo
GCA_015107595.1	JBG3.scf			Bathybates minor
GCA_015107455.1	JDE6.scf			Bathybates vittatus
GCA_943591095.1	fBatMar1			Bathydraco marri
GCA_900302375.1	ASM90030237v1			Bathygadus melanobranchus
GCA_025212315.1	ASM2521231v1			Batrachocephalus mino
GCA_019155185.1	ASM1915518v1			Beaufortia kweichowensis
GCA_015052645.1	JWE4.scf			Benitochromis conjunctus
GCA_015102815.1	ILF8.scf			Benthochromis horii
GCA_015102775.1	ILG3.scf			Benthochromis melanoides
GCA_015111075.1	LEF2.scf			Benthochromis sp. 'horii mahale' AB-2019
GCA_015111415.1	LDA7.scf			Benthochromis tricoti
GCA_900323375.1	ASM90032337v1			Benthosema glaciale
GCA_039105355.1	ASM3910535v1			Benthosema pterotum
GCA_900312565.1	ASM90031256v1			Beryx splendens
GCA_040207135.1	ASM4020713v1			Betta imbellis
GCF_900634795.4	fBetSpl5.4	GCF_900634795.4-RS_2023_04	2023-04-21	Betta splendens
GCA_037176995.1	ASM3717699v1			Bidyanus bidyanus
GCA_963422515.1	fBleOce1.1			Blennius ocellaris
GCF_026225935.1	ASM2622593v1	GCF_026225935.1-RS_2023_04	2023-04-12	Boleophthalmus pectinirostris
GCA_900302515.1	ASM90030251v1			Boreogadus saida
GCA_949987555.1	fBorAnt1.1			Borostomias antarcticus
GCA_020698575.1	ASM2069857v1			Bostrychus sinensis
GCA_036877575.1	ASM3687757v1			Botia almorhae
GCA_036877585.1	ASM3687758v1			Botia kubotai
GCA_015107555.1	JCF2.scf			Boulengerochromis microlepis
GCA_026770805.1	ASM2677080v1			Boulengeromyrus knoepffleri
GCA_943590825.1	fBovDia2			Bovichtus diacanthus
GCA_943593645.1	fBovVar2			Bovichtus variegatus
GCA_016785285.1	ASM1678528v1			Brachirus orientalis
GCA_020368025.1	ASM2036802v1			Brachyhypopomus occidentalis
GCA_029030835.1	ASM2903083v1			Brachyistius frenatus
GCA_030435695.1	ASM3043569v1			Brachymystax lenok tsinlingensis
GCA_037974465.1	ASM3797446v1			Brachypetersius altus
GCA_037577145.1	ASM3757714v1			Brachypetersius gabonensis
GCA_903066815.1	HVK_BR_001			Brachyrhaphis roseni
GCA_903067065.1	HVK_BT_001			Brachyrhaphis terrabensis
GCA_900302395.1	ASM90030239v1			Bregmaceros cantori
GCA_015164015.2	ASM1516401v2			Brevimyrus niger
GCF_023856365.1	BBRACH_0.4	NCBI Brienomyrus brachyistius Annotation Release 100	2022-06-30	Brienomyrus brachyistius
GCA_026770825.1	ASM2677082v1			Brienomyrus longianalis
GCA_900302425.1	ASM90030242v1			Brosme brosme
GCA_900303265.1	ASM90030326v1			Brotula barbata
GCA_027576235.1	ASM2757623v1			Brustiarius nox
GCA_025774045.1	ASM2577404v1			Brustiarius proximus
GCA_027575895.1	ASM2757589v1			Brustiarius solidus
GCA_037974445.1	ASM3797444v1			Brycinus macrolepidotus
GCA_037974405.1	ASM3797440v1			Brycinus nurse
GCA_037577275.1	ASM3757727v1			Bryconaethiops microstoma
GCA_015106715.1	JWD8.scf			Bujurquina vittata
GCA_016630915.1	ASM1663091v1			Callionymus lyra
GCA_015103395.1	BND5.scf			Callochromis macrops
GCA_015109845.1	KAF3.scf			Callochromis melanostigma
GCA_015110035.1	JZE4.scf			Callochromis pleurospilus
GCA_006937965.1	MPIBA_Ctod_1.0			Callopanchax toddi
GCA_910591475.1	Campylomormyrus.genome			Campylomormyrus compressirostris
GCA_025727615.1	ASM2572761v1			Campylomormyrus numenius
GCA_026770845.1	ASM2677084v1			Campylomormyrus tamandua
GCA_021432705.1	BYU_Cign_1.0			Caranx ignobilis
GCA_019059645.1	BYU_Cmel_1.0	Annotation submitted by Brigham Young University	2021-06-29	Caranx melampygus
GCA_900312935.1	ASM90031293v1			Carapus acus
GCF_003368295.1	ASM336829v1	NCBI Carassius auratus Annotation Release 100	2018-08-30	Carassius auratus
GCF_963082965.1	fCarCar2.1	GCF_963082965.1-RS_2023_09	2023-09-07	Carassius carassius
GCF_023724105.1	carGib1.2-hapl.c	GCF_023724105.1-RS_2023_02	2023-02-25	Carassius gibelio
GCA_015109795.1	KAF2.scf			Cardiopharynx schoutedeni
GCA_026122135.1	ASM2612213v1			Cathorops aguadulce
GCA_028877435.1	ASM2887743v1			Cathorops dasycephalus
GCA_028877395.1	ASM2887739v1			Cathorops festae
GCA_027576075.1	ASM2757607v1			Cathorops hypophthalmus
GCA_027576115.1	ASM2757611v1			Cathorops melanopus
GCA_027575975.1	ASM2757597v1			Cathorops multiradiatus
GCA_036785435.1	ASM3678543v1			Catostomus latipinnis
GCA_023349555.1	fCebVio1.0.p			Cebidichthys violaceus
GCA_037832705.1	ASM3783270v1			Centriscus cristatus
GCA_026898505.1	AGI_CSIRO_Cger_v1			Centroberyx gerrardi
GCF_030273125.1	C.striata_1.0	GCF_030273125.1-RS_2023_08	2023-08-29	Centropristis striata
GCA_037975185.1	ASM3797518v1			Centropyge bicolor
GCA_027564185.1	ASM2756418v1			Cephalocassis borneensis
GCA_027576275.1	ASM2757627v1			Cephalocassis melanochir
GCA_019142605.1	JJU_Cson_1.0			Cephalopholis sonnerati
GCA_900660305.1	Opsanus_beta_assembly			Cetomimus sp. NI1144
GCA_037902135.1	ASM3790213v1			Cetoscarus ocellatus
GCA_023974075.1	KU_Ca_2.0	Annotation submitted by Korea Polar Research Institute	2022-06-29	Chaenocephalus aceratus
GCA_943593825.1	fChaWil1			Chaenodraco wilsoni
GCA_015082035.1	agohaze_1			Chaenogobius annularis
GCA_037975165.1	ASM3797516v1			Chaetodon auriga
GCA_029783705.1	ASM2978370v1			Chaetodon striatus
GCA_039877785.1	fChaTrf1.hap1			Chaetodon trifascialis
GCA_037975065.1	ASM3797506v1			Chaetodon trifasciatus
GCA_015102055.1	AVA9.scf			Chalinochromis brichardi
GCA_015112635.1	LGG6.scf			Chalinochromis cyanophleps
GCA_015103555.1	Bel09.scf			Chalinochromis popelini
GCA_015111275.1	LDE1.scf			Chalinochromis sp. 'bifrenatus'
GCA_015109345.1	KEF1.scf			Chalinochromis sp. 'ndobhoi' AB-2019
GCA_036324585.1	JC_Ceso_ftc_fv8	Annotation submitted by University of Illinois at Urbana-Champaign	2024-02-01	Champsocephalus esox
GCA_036324595.1	JC_Cgun_ftc_fv8	Annotation submitted by University of Illinois at Urbana-Champaign	2024-02-01	Champsocephalus gunnari
GCA_018997905.1	ASM1899790v1			Channa argus
GCA_020496755.1	ASM2049675v1			Channa maculata
GCA_033026295.1	C.striata _1.0	Annotation submitted by Pearl River Fisheries Research Institute, Chinese Academy of Fishery Sciences	2023-10-25	Channa striata
GCA_030522415.1	ASM3052241v1			Channallabes apus
GCA_024489055.1	ASM2448905v1			Chanodichthys erythropterus
GCF_902362185.1	fChaCha1.1	NCBI Chanos chanos Annotation Release 100	2019-09-10	Chanos chanos
GCA_036250325.1	USTA_Clat_v1.0	Annotation submitted by University of St Andrews	2024-01-29	Characodon lateralis
GCA_016785325.1	ASM1678532v1			Chascanopsetta lugubris
GCA_900302635.1	ASM90030263v1			Chatrabus melanurus
GCA_037577475.1	ASM3757747v1			Chaunax sp. Z400
GCF_018320785.1	ASM1832078v1	NCBI Cheilinus undulatus Annotation Release 100	2021-05-24	Cheilinus undulatus
GCA_029853015.1	ASM2985301v1			Chelidonichthys spinosus
GCF_017976325.1	fCheRos1.pri	NCBI Chelmon rostratus Annotation Release 100	2021-06-01	Chelmon rostratus
GCA_030220025.1	ASM3022002v1			Chelon auratus
GCA_963514085.1	fCheLab1.1			Chelon labrosus
GCA_029874045.1	ASM2987404v1			Chelon ramada
GCA_027576735.1	ASM2757673v1			Chinchaysuyoa labiata
GCA_943594065.1	fChiDew1			Chionobathyscus dewitti
GCA_009756495.1	Chamatus_v0.1			Chionodraco hamatus
GCA_009756435.1	Cmyersi_v0.1			Chionodraco myersi
GCA_025773905.1	ASM2577390v1			Chitala chitala
GCA_025434125.1	ASM2543412v1			Chologaster cornuta
GCA_900302755.1	ASM90030275v1			Chromis chromis
GCA_036877525.1	ASM3687752v1			Chromobotia macracanthus
GCA_036326025.1	ASM3632602v1			Chrosomus eos
GCA_030068335.1	ASM3006833v1			Chrysichthys cranchii
GCA_030068315.1	ASM3006831v1			Chrysichthys thysi
GCA_034780415.1	ASM3478041v1			Cichlasoma orientale
GCA_027576395.1	ASM2757639v1			Cinetodus carinatus
GCA_027576035.1	ASM2757603v1			Cinetodus crassilabris
GCA_027576635.1	ASM2757663v1			Cinetodus froggatti
GCA_019207145.1	ASM1920714v1			Cirrhinus cirrhosus
GCA_033026305.1	C_molitorella v1.0	Annotation submitted by Pearl River Fisheries Research Institute Chinese Academy of Fishery Sciences	2023-10-25	Cirrhinus molitorella
GCA_036247105.1	Mrigal_Genome_v.1			Cirrhinus mrigala
GCA_030014275.1	ASM3001427v1			Clariallabes melas
GCA_030014215.1	ASM3001421v1			Clariallabes teugelsi
GCA_030068255.1	ASM3006825v1			Clarias angolensis
GCA_003987875.1	ASM398787v1			Clarias batrachus
GCA_030014345.1	ASM3001434v1			Clarias buthupogon
GCA_030347435.1	ASM3034743v1			Clarias fuscus
GCF_024256425.1	CGAR_prim_01v2	GCF_024256425.1-RS_2023_03	2023-03-03	Clarias gariepinus
GCA_030014305.1	ASM3001430v1			Clarias laeviceps
GCA_011419295.1	DU_Cmac_1.0			Clarias macrocephalus
GCA_013621035.1	C_magur1.0	Annotation submitted by Rohu and Magur Genome Sequencing Consortium	2020-07-24	Clarias magur
GCA_030014365.1	ASM3001436v1			Clarias pachynema
GCA_030068275.1	ASM3006827v1			Clarias platycephalus
GCA_023055335.1	fCliAna1.0.p			Clinocottus analis
GCF_900700415.2	Ch_v2.0.2	NCBI Clupea harengus Annotation Release 102	2021-07-23	Clupea harengus
GCA_037974565.1	ASM3797456v1			Clupeocharax schoutedeni
GCA_029582295.1	ASM2958229v1			Cobitis paludica
GCA_029874735.1	ASM2987473v1			Cobitis vettonica
GCA_027576055.1	ASM2757605v1			Cochlefelis danielsi
GCA_027576415.1	ASM2757641v1			Cochlefelis spatula
GCA_027475355.1	ASM2747535v1			Coilia nasus
GCA_016785305.1	ASM1678530v1			Colistium nudipinnis
GCA_004119915.2	ASM411991v2	Annotation submitted by JiMei University	2019-05-09	Collichthys lucidus
GCF_033807715.1	fColSai1.1	GCF_033807715.1-RS_2023_12	2023-12-20	Cololabis saira
GCF_904425465.1	Colossoma_macropomum	NCBI Colossoma macropomum Annotation Release 100	2020-10-08	Colossoma macropomum
GCF_963514075.1	fConCon1.1	GCF_963514075.1-RS_2023_11	2023-11-30	Conger conger
GCA_015106655.1	JWE5.scf			Coptodon bakossiorum
GCA_015108555.1	JWE6.scf			Coptodon rendalli
GCA_037367275.1	ASM3736727v1			Coranthus polyacanthus
GCA_039881085.1	CA_GEN_1v1			Coregonus artedi
GCF_020615455.1	ASM2061545v1	NCBI Coregonus clupeaformis Annotation Release 101	2021-11-16	Coregonus clupeaformis
GCA_905477555.1	ML_MAG_01			Coregonus lavaretus
GCA_902810595.1	AWG_v2	Annotation submitted by EAWAG	2020-03-10	Coregonus sp. 'balchen'
GCA_036851935.1	J4Q44_1.1	Annotation submitted by GenoFish	2024-02-26	Coregonus suidteri
GCA_031479575.1	ASM3147957v1			Coregonus ussuriensis
GCA_039654105.1	ASM3965410v1			Coreius guichenoti
GCA_011952105.1	corWhi6b			Coreoperca whiteheadi
GCA_019802435.1	ASM1980243v1			Corydoras maculifer
GCA_019802505.1	Lin1PacBio.ctg.fa.r3p3_pilon_3_oneline.fasta			Corydoras sp. C115
GCA_002895965.2	CRUPv2	Annotation submitted by Centre for Genomic Research	2021-06-29	Coryphaenoides rupestris
GCA_025762715.1	ASM2576271v1			Corythoichthys haematopterus
GCF_030265065.1	ASM3026506v1	GCF_030265065.1-RS_2024_05	2024-05-15	Corythoichthys intestinalis
GCF_900634415.1	fCotGob3.1	NCBI Cottoperca gobio Annotation Release 100	2019-06-04	Cottoperca gobio
GCA_023566465.1	ASM2356646v1			Cottus gobio
GCA_001455555.1	ASM145555v1			Cottus rhenanus
GCA_023630585.1	ASM2363058v1			Cranoglanis bouderius
GCA_036024015.1	ASM3602401v1			Craterocephalus amniculus
GCA_037177035.1	ASM3717703v1			Craterocephalus eyresii
GCA_037177075.1	ASM3717707v1			Craterocephalus fluviatilis
GCA_037177095.1	ASM3717709v1			Craterocephalus marjoriae
GCA_037177115.1	ASM3717711v1			Craterocephalus stercusmuscarum
GCA_036173005.1	UoSA_Crenichthys_baileyi_V.1.0	Annotation submitted by Ritchie lab	2024-01-26	Crenichthys baileyi
GCA_036984385.1	ASM3698438v1			Crenuchus spilurus
GCA_013133815.1	SYSU_Calt_1.1			Cromileptes altivelis
GCA_943590835.1	fCryAnt1			Cryodraco antarcticus
GCA_025773925.1	ASM2577392v1			Cryptomyrus ogoouensis
GCA_029783645.1	ASM2978364v1			Ctenochaetus hawaiiensis
GCA_034780835.1	ASM3478083v1			Ctenochaetus striatus
GCA_015103775.1	AXA7.scf			Ctenochromis horei
GCF_019924925.1	HZGC01	GCF_019924925.1-RS_2023_02	2023-02-25	Ctenopharyngodon idella
GCA_032353495.1	ASM3235349v1			Ctenopoma kingsleyae
GCA_034779795.1	ASM3477979v1			Ctenopoma multispine
GCA_040182925.1	ASM4018292v1	Annotation submitted by Freshwater Fisheries Research Center, Chinese Academy of Fishery Science	2024-06-17	Culter alburnus
GCA_015106375.1	IWD8.scf			Cunningtonia longiventralis
GCA_015105635.1	IOD4.scf			Cyathopharynx foae
GCA_015103655.1	AYE5.scf			Cyathopharynx furcifer
GCF_009769545.1	fCycLum1.pri	NCBI Cyclopterus lumpus Annotation Release 100	2020-05-14	Cyclopterus lumpus
GCA_031762555.1	ASM3176255v1			Cynodonichthys magdalenae
GCA_031001815.1	ASM3100181v1			Cynodonichthys tenuis
GCF_000523025.1	Cse_v1.0	NCBI Cynoglossus semilaevis Annotation Release 102	2018-05-02	Cynoglossus semilaevis
GCA_040207505.1	CMEL			Cynopoecilus melanotaenia
GCA_026770725.1	ASM2677072v1			Cyphomyrus discorhynchus
GCA_026781215.1	ASM2678121v1			Cyphomyrus wilverthi
GCA_015110975.1	LEI6.scf			Cyphotilapia frontosa
GCA_015105655.1	INH7.scf			Cyphotilapia gibberosa
GCA_015109715.1	KAG3.scf			Cyphotilapia sp. '5-bar frontosa' AB-2019
GCA_015107215.1	JEC7.scf			Cyprichromis coloratus
GCA_015104635.1	ISI2.scf			Cyprichromis leptosoma
GCA_015106915.1	JVF2.scf			Cyprichromis microlepidotus
GCA_015052265.1	JEB2.scf			Cyprichromis pavo
GCA_015109335.1	KFA7.scf			Cyprichromis sp. 'dwarf jumbo' AB-2019
GCA_015105695.1	INH1.scf			Cyprichromis sp. 'jumbo' AB-2019
GCA_015103475.1	Bel16.scf			Cyprichromis sp. 'kibishi' AB-2019
GCA_015052445.1	GPC9.scf			Cyprichromis zonatus
GCA_027497735.1	ASM2749773v1			Cyprinella lepida
GCA_027497675.1	ASM2749767v1			Cyprinella lutrensis
GCA_038021265.1	fCypVen1.hap1			Cyprinella venusta
GCA_018398635.1	UCB_Cbro_1.0			Cyprinodon brontotheroides
GCA_030533445.1	UCB_CyDiab_1.0			Cyprinodon diabolis
GCA_030533455.1	UCB_CyNevMio_1.0			Cyprinodon nevadensis mionectes
GCF_016077235.1	ASM1607723v1	NCBI Cyprinodon tularosa Annotation Release 100	2020-12-18	Cyprinodon tularosa
GCF_000732505.1	C_variegatus-1.0	NCBI Cyprinodon variegatus Annotation Release 100	2016-01-08	Cyprinodon variegatus
GCF_018340385.1	ASM1834038v1	NCBI Cyprinus carpio Annotation Release 101	2021-07-20	Cyprinus carpio
GCA_900302355.1	ASM90030235v1			Cyttopsis rosea
GCA_901007715.1	Dactylopterus_volitans_assembly			Dactylopterus volitans
GCA_029465975.1	DPEC_1.1	Annotation submitted by GenoFish	2023-03-31	Dallia pectoralis
GCF_903798145.1	fDanAes4.1	GCF_903798145.1-RS_2023_05	2023-05-25	Danio aesculapii
GCA_903798035.1	fDanAlb1.1			Danio albolineatus
GCA_903798125.1	fDanCho1.1			Danio choprai
GCA_903798115.1	fDanJai1.1			Danio jaintianensis
GCA_903798195.1	fDanKya3.1			Danio kyathit
GCF_000002035.6	GRCz11	NCBI Danio rerio Annotation Release 106	2017-06-02	Danio rerio
GCA_903798205.1	fDanTin1.1			Danio tinwini
GCA_007224835.1	ASM722483v1	Annotation submitted by Charite - Universitatsmedizin Berlin	2019-07-22	Danionella cerebrum
GCA_900490495.1	fDanDra1.1			Danionella dracula
GCA_024666655.1	DTR_v1.0			Dascyllus trimaculatus
GCA_008933995.1	BGI_Dund_1.0			Datnioides undecimradiatus
GCA_030347415.2	ASM3034741v2			Decapterus maruadsi
GCF_900700375.1	fDenClu1.1	NCBI Denticeps clupeoides Annotation Release 100	2019-04-18	Denticeps clupeoides
GCA_900700375.2	fDenClu1.2			Denticeps clupeoides
GCF_905237075.1	dlabrax2021	GCF_905237075.1-RS_2023_02	2023-02-26	Dicentrarchus labrax
GCA_028565755.1	ASM2856575v1			Dinotopterus cunningtoni
GCA_963678695.2	Dpuntazzo_v2			Diplodus puntazzo
GCA_903131615.1	diplodus_sargus_genome			Diplodus sargus
GCA_900660315.1	Diretmoides_pauciradiatus_assembly			Diretmoides pauciradiatus
GCA_900660295.1	Diretmus_argenteus_assembly			Diretmus argenteus
GCA_031216635.1	KU_De_1.0	Annotation submitted by Korea University	2023-09-08	Dissostichus eleginoides
GCA_011823955.1	KU_Dm_1.0	Annotation submitted by Korea University	2020-04-01	Dissostichus mawsoni
GCA_032718565.1	ASM3271856v1			Distichodus sexfasciatus
GCA_026413445.1	ASM2641344v1			Dolichallabes microphthalmus
GCA_943591025.1	fDolLon1			Dolloidraco longedorsalis
GCA_028566355.1	ASM2856635v1			Doras micropoeus
GCF_030265055.1	RoL_Dexc_1.0	GCF_030265055.1-RS_2023_07	2023-07-03	Doryrhamphus excisus
GCF_027744805.1	RoL_Ddac_1.1	GCF_027744805.1-RS_2023_03	2023-03-30	Dunckerocampus dactyliophorus
GCA_028565595.1	ASM2856559v1			Duopalatinus emarginatus
GCF_900963305.1	fEcheNa1.1	NCBI Echeneis naucrates Annotation Release 100	2019-06-12	Echeneis naucrates
GCA_900963305.2	fEcheNa1.2			Echeneis naucrates
GCA_963691815.1	fEchVip8.1			Echiichthys vipera
GCA_015104995.1	IRD7.scf			Ectodus descampsii
GCA_015112095.1	KHC4.scf			Ectodus sp. 'north'
GCA_951216825.1	fEleAnt2.1			Electrona antarctica
GCF_013358815.1	fEleEle1.pri	NCBI Electrophorus electricus Annotation Release 101	2020-07-10	Electrophorus electricus
GCA_030913585.1	ASM3091358v1	Annotation submitted by bgi	2023-08-28	Electrophorus voltai
GCF_036324505.1	JC_Emac_rtc_rv5	GCF_036324505.1-RS_2024_03	2024-03-20	Eleginops maclovinus
GCA_025629765.1	ASM2562976v1			Eleginus gracilis
GCA_014490765.1	CUHK_ma_10x			Eleutheronema tetradactylum
GCA_037101425.1	HZAU_Ebam_v1			Elopichthys bambusa
GCA_022577435.1	fEmbJac1.0.p			Embiotoca jacksoni
GCA_015103415.1	BNC5.scf			Enantiopus melanogenys
GCA_027122795.1	ASM2712279v1			Enchelyopus cimbrius
GCF_034702125.1	IST_EnEncr_1.0	GCF_034702125.1-RS_2024_02	2024-02-08	Engraulis encrasicolus
GCA_040112795.1	ASM4011279v1			Engraulis japonicus
GCF_033978785.1	RoL_Eaeq_v1.1	GCF_033978785.1-RS_2023_12	2023-12-22	Entelurus aequoreus
GCA_034779775.1	ASM3477977v1			Enteromius afrohamiltoni
GCA_032359395.1	ASM3235939v1			Enteromius anoplus
GCA_032357425.1	ASM3235742v1			Enteromius argenteus
GCA_032361145.1	ASM3236114v1			Enteromius fasciolatus
GCA_032359235.1	ASM3235923v1			Enteromius mattozi
GCA_032361165.1	ASM3236116v1			Enteromius paludinosus
GCA_032357445.1	ASM3235744v1			Enteromius radiatus
GCA_032357475.1	ASM3235747v1			Enteromius thamalakanensis
GCA_032275025.1	ASM3227502v1			Enteromius treurensis
GCA_032361065.1	ASM3236106v1			Enteromius trimaculatus
GCA_032359435.1	ASM3235943v1			Enteromius unitaeniatus
GCA_032353835.1	ASM3235383v1			Enteromius viviparus
GCA_035609425.1	E.awoara.final_Chr_v1			Epinephelus awoara
GCA_900536245.1	Grouper			Epinephelus coioides
GCA_026686955.1	XMU_epcya_1.0			Epinephelus cyanopodus
GCF_011397635.1	E.fuscoguttatus.final_Chr_v1	NCBI Epinephelus fuscoguttatus Annotation Release 100	2022-07-21	Epinephelus fuscoguttatus
GCF_005281545.1	ASM528154v1	NCBI Epinephelus lanceolatus Annotation Release 100	2020-04-15	Epinephelus lanceolatus
GCA_037127435.1	ASM3712743v1			Epinephelus malabaricus
GCF_006386435.1	YSFRI_EMoa_1.0	GCF_006386435.1-RS_2023_02	2023-02-26	Epinephelus moara
GCA_015107895.1	IZH7.scf			Eretmodus cyanostictus
GCA_015110455.1	JXE9.scf			Eretmodus marksmithi
GCF_900747795.2	fErpCal1.3	GCF_900747795.2-RS_2023_02	2023-02-27	Erpetoichthys calabaricus
GCF_011004845.1	fEsoLuc1.pri	NCBI Esox lucius Annotation Release 104	2020-05-01	Esox lucius
GCA_016801175.1	ASM1680117v1			Esox masquinongy
GCA_016801105.1	ASM1680110v1			Esox niger
GCF_013103735.1	CSU_Ecrag_1.0	NCBI Etheostoma cragini Annotation Release 100	2020-06-01	Etheostoma cragini
GCA_029931835.1	UBuf_Engr_1.0			Etheostoma nigrum
GCA_026937815.1	UBuf_Eper_1.0			Etheostoma perlongum
GCF_008692095.1	UIUC_Espe_1.0	NCBI Etheostoma spectabile Annotation Release 100	2020-02-11	Etheostoma spectabile
GCA_015106755.1	JWD3.scf			Etia nguti
GCA_015106775.1	JWD4.scf			Etroplus canarensis
GCA_026437355.1	fEucNew1.0.hap2			Eucyclogobius newberryi
GCA_036785175.1	ASM3678517v1			Eupleurogrammus muticus
GCA_030068295.1	ASM3006829v1			Euristhmus nudiceps
GCA_029490765.1	ASM2949076v1			Euthynnus affinis
GCA_963514095.1	fEutGur1.1			Eutrigla gurnardus
GCA_037954325.1	RoL_Fcom_v1.0			Fistularia commersonii
GCA_901007705.1	Fistularia_tabacaria_assembly			Fistularia tabacaria
GCA_026546735.1	ASM2654673v1			Forbesichthys agassizii
GCA_025399855.1	ASM2539985v1			Forbesichthys papilliferus
GCA_029814525.1	ASM2981452v1			Fowleria aurita
GCA_029814645.1	ASM2981464v1			Fowleria isostigma
GCA_037039145.1	fFunDia1.hap1			Fundulus diaphanus
GCF_011125445.2	MU-UCD_Fhet_4.1	NCBI Fundulus heteroclitus Annotation Release 102	2020-08-27	Fundulus heteroclitus
GCA_900302595.1	ASM90030259v1			Gadiculus argenteus
GCA_036024995.1	ASM3602499v1			Gadopsis bispinosus
GCA_036023855.1	ASM3602385v1			Gadopsis marmoratus
GCF_026213295.1	NIFS_Gcha_1.0	GCF_026213295.1-RS_2023_05	2023-05-25	Gadus chalcogrammus
GCF_031168955.1	ASM3116895v1	GCF_031168955.1-RS_2023_09	2023-09-26	Gadus macrocephalus
GCF_902167405.1	gadMor3.0	NCBI Gadus morhua Annotation Release 100	2019-08-02	Gadus morhua
GCA_027123715.1	ASM2712371v1			Gaidropsarus macrophthalmus
GCA_036024875.1	ASM3602487v1			Galaxias arcanus
GCA_036023535.2	ASM3602353v2			Galaxias brevipinnis
GCA_036024135.1	ASM3602413v1			Galaxias fuscus
GCA_040143665.1	CSIRO-AGI_Gmac_v1			Galaxias maculatus
GCA_026901105.3	APGP_CSIRO_Goli_CH_v1.2			Galaxias olidus
GCA_036024655.1	ASM3602465v1			Galaxias oliros
GCA_036024795.1	ASM3602479v1			Galaxias rostratus
GCA_025399955.1	ASM2539995v1			Galeichthys feliceps
GCF_019740435.1	SWU_Gaff_1.0	NCBI Gambusia affinis Annotation Release 100	2021-09-22	Gambusia affinis
GCA_009663075.1	ASM966307v1			Gambusia holbrooki
GCA_035584275.1	ASM3558427v1			Gambusia yucatana
GCA_034780135.1	ASM3478013v1			Garmanella pulchra
GCF_016920845.1	GAculeatus_UGA_version5	NCBI Gasterosteus aculeatus Annotation Release 100	2021-03-08	Gasterosteus aculeatus aculeatus
GCA_014132575.2	Gnip_1.0			Gasterosteus nipponicus
GCA_027576375.1	ASM2757637v1			Genidens genidens
GCA_027123975.1	ASM2712397v1			Genidens machadoi
GCA_026546755.1	ASM2654675v1			Genidens planifrons
GCA_026776745.1	ASM2677674v1			Genyomyrus donnyi
GCA_900660455.1	Gephyroberyx_darwinii_assembly			Gephyroberyx darwinii
GCA_026230005.1	fGilOrc1.0.hap1			Gila orcuttii
GCA_030770095.1	ASM3077009v1			Gila robusta
GCF_021462225.1	DD_fGirMul_XY1	NCBI Girardinichthys multiradiatus Annotation Release 100	2022-04-01	Girardinichthys multiradiatus
GCA_903067095.1	HVK_GM_001			Girardinus metallicus
GCA_015104535.1	ITA4.scf			Gnathochromis permaxillaris
GCA_015052505.1	AWB7.scf			Gnathochromis pfefferi
GCA_026776725.1	ASM2677672v1			Gnathonemus echidnorhynchus
GCA_026776665.1	ASM2677666v1			Gnathonemus longibarbis
GCA_949357685.1	fGobGob1.1			Gobio gobio
GCA_029874695.1	ASM2987469v1			Gobio lozanoi
GCA_033150135.1	CNRS_Gobocc_1.0.fasta			Gobio occitaniae
GCA_023029165.1	ASM2302916v1			Gobiocypris rarus
GCA_040143685.1	CSIRO-AGI_Goaus_v1			Gobiomorphus australis
GCA_040143705.1	CSIRO-AGI_Gocox_v1			Gobiomorphus coxii
GCA_943591055.1	fGobGib1			Gobionotothen gibberifrons
GCA_951799975.1	fGobNig1.1			Gobius niger
GCA_028570945.1	ASM2857094v1			Gogo arcuatus
GCA_040091325.1	Goodea_atripinnis_V.1.0	Annotation submitted by University of St Andrews	2024-06-07	Goodea atripinnis
GCF_900634775.1	fGouWil2.1	NCBI Gouania willdenowi Annotation Release 100	2019-03-15	Gouania willdenowi
GCA_900634775.2	fGouWil2.2			Gouania willdenowi
GCA_015107505.1	JDD7.scf			Grammatotria lemairii
GCA_015106255.1	IXB5.scf			Greenwoodochromis bellcrossi
GCA_015107935.1	IZE4.scf			Greenwoodochromis christyi
GCA_900312595.1	ASM90031259v1			Guentherus altivela
GCA_029814585.1	ASM2981458v1			Gymnapogon annona
GCA_009936485.2	ASM993648v2			Gymnarchus niloticus
GCA_023631565.1	fGymCer.pri			Gymnocephalus cernua
GCA_027564155.1	ASM2756415v1			Gymnocypris eckloni scoliostomus
GCF_902827175.1	fGymAcu1.1	NCBI Gymnodraco acuticeps Annotation Release 100	2020-05-04	Gymnodraco acuticeps
GCA_963280865.1	fGymBra2.1			Gymnoscopelus braueri
GCA_963454915.1	fGymMic1.1			Gymnoscopelus microlampas
GCA_029692085.1	GJAV_1.0	Annotation submitted by GenoFish	2023-04-12	Gymnothorax javanicus
GCA_029721435.1	ASM2972143v1			Gymnothorax reevesii
GCA_038406115.1	ASM3840611v1			Haemulon aurolineatum
GCA_033239565.1	ASM3323956v1			Halichoeres trimaculatus
GCF_018398535.1	NCSU_Asbu1	NCBI Haplochromis burtoni Annotation Release 102	2021-06-21	Haplochromis burtoni
GCA_018403475.1	Hchi_1.0			Haplochromis chilotes
GCA_015111855.1	KYG1.scf			Haplochromis paludinosus
GCA_018403495.1	Hsau_1.0			Haplochromis sauvagei
GCA_015103095.1	HXC5.scf			Haplochromis sp. Chipwa
GCA_015106555.1	JWG3.scf			Haplochromis vanheusdeni
GCA_015105255.1	IQB8.scf			Haplotaxodon microlepis
GCA_015105275.1	IQB6.scf			Haplotaxodon trifasciatus
GCA_902827135.1	fHarAnt1.1			Harpagifer antarcticus
GCA_025674545.1	ASM2567454v1			Hassar affinis
GCA_916700675.1	H-avius_MM3			Helicolenus avius
GCA_916700815.1	H-hilgendorfii_KUI10868			Helicolenus hilgendorfi
GCA_900302695.1	ASM90030269v1			Helostoma temminkii
GCA_027575995.1	ASM2757599v1			Hemiarius dioctes
GCA_027576015.1	ASM2757601v1			Hemiarius stormii
GCA_033459395.1	ASM3345939v1	Annotation submitted by BGI-SZ	2023-11-09	Hemibagrus guttatus
GCF_019097595.1	SWU_Hwy_1.0	GCF_019097595.1-RS_2023_07	2023-07-20	Hemibagrus wyckioides
GCA_015052305.1	IZA5.scf			Hemibates koningsi
GCA_015106175.1	IXC2.scf			Hemibates stenosoma
GCA_015108515.1	JWE9.scf			Hemichromis elongatus
GCA_029783685.1	ASM2978368v1			Heniochus monoceros
GCA_037177315.1	ASM3717731v1			Hephaestus fuliginosus
GCA_017165825.1	ASM1716582v1			Hepsetus odoe
GCA_028570985.1	ASM2857098v1			Heterobranchus longifilis
GCA_015108495.1	JWF1.scf			Heterochromis multidens
GCA_025775025.1	ASM2577502v1			Heteromormyrus longilateralis
GCA_030323895.1	ASM3032389v1			Heteromormyrus pauciradiatus
GCA_032359785.1	ASM3235978v1			Heteromormyrus szaboi
GCA_015108575.1	JWE3.scf			Heterotilapia buettikoferi
GCA_018136845.1	ASM1813684v1			Heterotis niloticus
GCA_025775065.1	ASM2577506v1			Hiodon alosoides
GCA_025775045.1	ASM2577504v1			Hiodon tergisus
GCA_018466805.1	ZJU1.0			Hippocampus abdominalis
GCA_025770055.1	ASM2577005v1			Hippocampus barbouri
GCF_001891065.2	H_comes_QL1_v1.1	NCBI Hippocampus comes Annotation Release 100	2017-01-11	Hippocampus comes
GCA_025802095.1	ASM2580209v1			Hippocampus guttulatus
GCA_901007745.1	Hippocampus_kuda_assembly			Hippocampus kuda
GCA_026261675.1	ASM2626167v1			Hippocampus mohnikei
GCA_901007805.1	Hippocampus_whitei_assembly			Hippocampus whitei
GCF_025434085.1	ASM2543408v3	GCF_025434085.1-RS_2023_02	2023-02-25	Hippocampus zosterae
GCF_009819705.1	fHipHip1.pri	NCBI Hippoglossus hippoglossus Annotation Release 100	2020-04-28	Hippoglossus hippoglossus
GCF_022539355.2	HSTE1.2	NCBI Hippoglossus stenolepis Annotation Release 101	2022-03-30	Hippoglossus stenolepis
GCA_026781145.1	ASM2678114v1			Hippopotamyrus pictus
GCA_018398805.1	Hirundichthys_speculiger_1.0			Hirundichthys speculiger
GCA_943590885.1	fHisVel1			Histiodraco velifer
GCA_025331565.1	H.passer_genome_1.1			Holacanthus passer
GCA_037974645.1	ASM3797464v1			Hollardia meadi
GCA_900302615.1	ASM90030261v1			Holocentrus rufus
GCA_029633875.1	fHopMal1.hap2			Hoplias malabaricus
GCA_028565655.1	ASM2856565v1			Hoplisoma axelrodi
GCA_028565875.1	ASM2856587v1			Hoplisoma paleatus
GCA_034670405.1	ASM3467040v1			Hoplostethus atlanticus
GCA_034670385.1	ASM3467038v1			Hoplostethus mediterraneus
GCA_916700935.1	H_emblemarius_134878			Hozukius emblemarius
GCA_916700995.1	H_guyotensis_138486			Hozukius guyotensis
GCA_003317085.1	ASM331708v1			Hucho hucho
GCA_036884735.1	HHUS_1.1	Annotation submitted by STURGEoNOMICS	2024-03-01	Huso huso
GCA_030378365.1	UNM_UB_HamF1_1.0			Hybognathus amarus
GCA_037974365.1	ASM3797436v1			Hydrocynus forskahlii
GCA_026777045.1	ASM2677704v1			Hyperopisus bebe
GCA_949357725.1	fHypImm3.1			Hyperoplus immaculatus
GCA_026929865.2	TBG_H_lanceolatus_asm_v1.1			Hyperoplus lanceolatus
GCA_018346875.1	ASM1834687v1			Hypomesus nipponensis
GCF_021917145.1	fHypTra1	NCBI Hypomesus transpacificus Annotation Release 100	2022-02-25	Hypomesus transpacificus
GCA_037950675.1	Hypophthalmichthys_molitrix_1.0			Hypophthalmichthys molitrix
GCA_037950665.1	Hypophthalmichthys_nobilis_1.0			Hypophthalmichthys nobilis
GCA_025802035.1	ASM2580203v1			Hypoplectrus aberrans
GCA_025762755.1	ASM2576275v1			Hypoplectrus chlorurus
GCA_028566275.1	ASM2856627v1			Hypoplectrus guttavarius
GCA_025762485.1	ASM2576248v1			Hypoplectrus indigo
GCA_028566415.1	ASM2856641v1			Hypoplectrus nigricans
GCA_028566105.1	ASM2856610v1			Hypoplectrus providencianus
GCA_900610375.1	HP_genome_unmasked_01			Hypoplectrus puella
GCA_028566055.1	ASM2856605v1			Hypoplectrus randallorum
GCA_036025515.1	ASM3602551v1			Hypseleotris acropinna
GCA_036025885.1	ASM3602588v1			Hypseleotris bucephala
GCA_036025235.1	ASM3602523v1			Hypseleotris gymnocephala
GCA_036025195.1	ASM3602519v1			Hypseleotris klunzingeri
GCA_031762315.1	ASM3176231v1			Hypsolebias antenori
GCA_032273985.1	ASM3227398v1			Hypsolebias coamazonicus
GCA_031762435.1	ASM3176243v1			Hypsolebias longignatus
GCA_031762355.1	ASM3176235v1			Hypsolebias martinsi
GCA_029874575.1	ASM2987457v1			Iberochondrostoma lemmingii
GCA_029874285.1	ASM2987428v1			Iberochondrostoma lusitanicum
GCF_023375685.1	Billie_1.0	GCF_023375685.1-RS_2023_03	2023-03-03	Ictalurus furcatus
GCF_001660625.3	Coco_2.0	GCF_001660625.3-RS_2023_03	2023-03-03	Ictalurus punctatus
GCA_040091305.1	Ifv1.0	Annotation submitted by University of St Andrews	2024-06-07	Ilyodon furcidens
GCA_022702515.1	ASM2270251v1			Ilyophis sp. 1 JC-2022
GCA_022702525.1	ASM2270252v1			Ilyophis sp. 2 JC-2022
GCA_022702415.1	ASM2270241v1			Ilyophis sp. JC_2022_1
GCA_015105475.1	IPB6.scf			Interochromis loocki
GCA_026776945.1	ASM2677694v1			Isichthys henryi
GCA_016859345.1	ASM1685934v1			Istiophorus platypterus
GCA_026777485.1	ASM2677748v1			Ivindomyrus marchei
GCA_026777505.1	ASM2677750v1			Ivindomyrus opdenboschi
GCA_015105015.1	IRC4.scf			Julidochromis dickfeldi
GCA_015110755.1	LFH1.scf			Julidochromis marksmithi
GCA_015108065.1	JXB5.scf			Julidochromis marlieri
GCA_015104675.1	ISC1.scf			Julidochromis ornatus
GCA_015109195.1	KFF4.scf			Julidochromis regani
GCA_015102915.1	ILD9.scf			Julidochromis sp. 'kombe' AB-2019
GCA_015111775.1	LBF3.scf			Julidochromis sp. 'marlieri south' AB-2019
GCA_015105035.1	IRB8.scf			Julidochromis sp. 'regani south' AB-2019
GCA_015052685.1	JWA2.scf			Julidochromis sp. 'unterfels' AB-2019
GCA_015103115.1	HFG1287.scf			Julidochromis transcriptus
GCA_029224185.1	ASM2922418v1			Karalla daura
GCA_037177335.1	ASM3717733v1			Kiunga ballochi
GCA_964034765.1	kcau_genome_v1	Annotation submitted by university of cologne, biocenter, institute of zoology	2024-05-04	Knipowitschia caucasica
GCA_028566095.1	ASM2856609v1			Kryptolebias brasiliensis
GCA_028565975.1	ASM2856597v1			Kryptolebias gracilis
GCA_007896545.1	ASM789654v1			Kryptolebias hermaphroditus
GCF_001649575.2	ASM164957v2	NCBI Kryptolebias marmoratus Annotation Release 102	2020-11-24	Kryptolebias marmoratus
GCA_028566035.1	ASM2856603v1			Kryptolebias ocellatus
GCA_030449085.1	ASM3044908v1			Kryptopterus vitreolus
GCA_019740295.1	ASM1974029v1			Labeo calbasu
GCA_012976165.1	CIFA_Catla 1.0			Labeo catla
GCA_013461565.1	ASM1346156v1			Labeo gonius
GCF_022985175.1	IGBB_LRoh.1.0	GCF_022985175.1-RS_2023_02	2023-02-26	Labeo rohita
GCA_034780575.1	ASM3478057v1			Labeobarbus marequensis
GCA_000150875.1	ASM15087v1			Labeotropheus fuelleborni
GCA_030710495.1	ASM3071049v1			Labroides dimidiatus
GCF_900080235.1	BallGen_V1	NCBI Labrus bergylta Annotation Release 101	2019-05-17	Labrus bergylta
GCF_963584025.1	fLabMix1.1	GCF_963584025.1-RS_2023_11	2023-11-16	Labrus mixtus
GCA_037577295.1	ASM3757729v1			Ladigesia roloffi
GCA_900303225.1	ASM90030322v1			Laemonema laureysi
GCA_911728415.1	Lsceleratus_genome.fasta			Lagocephalus sceleratus
GCA_039737535.1	Lrho_1.0			Lagodon rhomboides
GCA_900302545.1	ASM90030254v1			Lampris guttatus
GCF_029633865.1	fLamInc1.hap2	GCF_029633865.1-RS_2023_05	2023-05-20	Lampris incognitus
GCA_022114975.2	ASM2211497v2			Lampris megalopsis
GCA_900312555.1	ASM90031255v1			Lamprogrammus exutus
GCA_015052345.1	IPH2.scf			Lamprologus callipterus
GCA_015110375.1	JXG8.scf			Lamprologus kungweensis
GCA_015107315.1	JDI2.scf			Lamprologus laparogramma
GCA_015107875.1	IZI7.scf			Lamprologus lemairii
GCA_015108715.1	JWA9.scf			Lamprologus meleagris
GCA_015052485.1	ILD3.scf			Lamprologus ocellatus
GCA_015109935.1	JZF3.scf			Lamprologus ornatipinnis
GCA_015106455.1	IWD6.scf			Lamprologus signatus
GCA_015108835.1	JWA3.scf			Lamprologus sp. 'ornatipinnis congo' AB-2019
GCA_015107375.1	JDF5.scf			Lamprologus sp. 'ornatipinnis zambia' AB-2019
GCA_015109675.1	KCG2.scf			Lamprologus speciosus
GCA_015108455.1	JWF6.scf			Lamprologus tigripictilis
GCF_000972845.2	L_crocea_2.0	NCBI Larimichthys crocea Annotation Release 102	2018-12-04	Larimichthys crocea
GCA_018985215.1	ZAAS_Lpoly_1.0			Larimichthys polyactis
GCA_031216445.1	YSFRI_Lmacu_1.1			Lateolabrax maculatus
GCF_001640805.2	TLL_Latcal_v3	GCF_001640805.2-RS_2023_02	2023-02-27	Lates calcarifer
GCA_033238685.1	ASM3323868v1	Annotation submitted by Department of Biology, Osaka Medical and Pharmaceutical University	2023-06-29	Lates japonicus
GCA_028565275.1	ASM2856527v1			Leiocassis micropogon
GCA_036025355.1	ASM3602535v1			Leiopotherapon unicolor
GCA_037576955.1	ASM3757695v1			Lepidarchus adonis
GCA_015103955.1	AVG5.scf			Lepidiolamprologus attenuatus
GCA_015105495.1	IOH5.scf			Lepidiolamprologus cunningtoni
GCA_015102115.1	AUG8.scf			Lepidiolamprologus elongatus
GCA_015110795.1	LFF8.scf			Lepidiolamprologus kamambae
GCA_015102695.1	IMD1.scf			Lepidiolamprologus kendalli
GCA_015111395.1	LDD6.scf			Lepidiolamprologus mimicus
GCA_015109915.1	KAD2.scf			Lepidiolamprologus profundicola
GCA_015113235.1	LHA5.scf			Lepidiolamprologus sp. 'meeli kipili' AB-2019
GCA_943594155.1	fLepLar1			Lepidonotothen larseni
GCA_943593335.1	fLepSqu1			Lepidonotothen squamifrons
GCF_000242695.1	LepOcu1	NCBI Lepisosteus oculatus Annotation Release 101	2016-01-06	Lepisosteus oculatus
GCA_026401145.1	ASM2640114v1			Lepisosteus osseus
GCA_029875015.1	ASM2987501v1			Lepomis gibbosus
GCA_024633595.2	Lm_LA_1.1			Lepomis macrochirus
GCA_028567055.1	ASM2856705v1			Leptatherina wallacei
GCA_039881065.1	Leptobotia_elongata_female			Leptobotia elongata
GCA_032191485.1	fLepMac1_p1.0			Leptoclinus maculatus
GCA_028566375.1	ASM2856637v1			Leptodoras nelsoni
GCA_024363135.1	ASM2436313v1			Leptodoras oyakawai
GCA_028564905.1	ASM2856490v1			Leptodoras praelongus
GCA_030544235.1	ASM3054423v1			Lepturacanthus savala
GCA_015105095.1	IRA2.scf			Lestradea perspicax
GCA_015106895.1	JVH2.scf			Lestradea stappersii
GCA_900303255.1	ASM90030325v1			Lesueurigobius sanzi
GCA_023718395.1	ASM2371839v1			Leucaspius delineatus
GCA_021554675.1	fLeuIdu1.pri.20210917			Leuciscus idus
GCA_900092035.1	Amur ide genome			Leuciscus waleckii
GCA_036924055.1	fLeuTen1.0.hap2			Leuresthes tenuis
GCF_963576545.1	fLimLim1.1	GCF_963576545.1-RS_2023_11	2023-11-17	Limanda limanda
GCA_015052385.1	ITB4.scf			Limnochromis abeelei
GCA_015104565.1	ITB1.scf			Limnochromis auritus
GCA_015104515.1	ITA6.scf			Limnochromis staneri
GCA_017657215.1	ASM1765721v1			Limnothrissa miodon
GCA_015103815.1	AWI5.scf			Limnotilapia dardennii
GCA_943590975.1	fLepNud1			Lindbergichthys nudifrons
GCA_028566295.1	ASM2856629v1			Liobagrus marginatus
GCA_036178185.1	Tanakav1			Liparis tanakae
GCA_963383615.1	fLipPho2.1			Lipophrys pholis
GCA_018403515.1	Lruf_1.0			Lithochromis rufus
GCA_015104595.1	ISD8.scf			Lobochilotes labiatus
GCA_037951165.1	fLopAme1_p1.0			Lophius americanus
GCA_009660295.1	BF2_Nord			Lophius piscatorius
GCA_033118015.1	ASM3311801v1			Loricariichthys derbyi
GCA_026745465.1	ASM2674546v1			Lota lota
GCA_014773175.1	Ldentata1.0	Annotation submitted by EGCE - CNRS Gif-sur-Yvette	2020-09-28	Lucifuga dentata
GCA_029874325.1	ASM2987432v1			Luciobarbus bocagei
GCA_029874815.1	ASM2987481v1			Luciobarbus comizo
GCA_034769285.1	CIBA_Largentimaculatus_1.1			Lutjanus argentimaculatus
GCA_027495735.1	Lca_v1.0			Lutjanus campechanus
GCA_020091685.1	ASM2009168v1			Lutjanus erythropterus
GCA_028022725.1	fLycPai1.hap2			Lycodopsis pacificus
GCA_011763505.2	ASM1176350v2			Lythrypnus dalli
GCA_036024715.1	ASM3602471v1			Maccullochella macquariensis
GCA_002120245.1	mcod_v1			Maccullochella peelii
GCA_008360985.2	GOP001_1.2			Macquaria ambigua
GCA_005408345.1	DU_Maus_v1.0			Macquaria australasica
GCA_030770545.1	macOpe2			Macropodus opercularis
GCA_901007825.1	Macroramphorus_scolopax_assembly			Macroramphosus scolopax
GCA_900312585.1	ASM90031258v1			Malacocephalus occidentalis
GCA_032164315.1	ASM3216431v1			Malacoctenus gilli
GCA_032274765.1	ASM3227476v1			Malacoctenus tetranemus
GCA_032274725.1	ASM3227472v1			Malacoctenus triangulatus
GCA_903064625.1	Mallotus_villosus_assembly			Mallotus villosus
GCA_026779145.1	ASM2677914v1			Marcusenius schilthuisiae
GCA_026774385.1	ASM2677438v1			Marcusenius ussheri
GCF_900324485.2	fMasArm1.2	NCBI Mastacembelus armatus Annotation Release 101	2020-04-03	Mastacembelus armatus
GCA_900324485.3	fMasArm1.3			Mastacembelus armatus
GCA_029822895.1	ASM2982289v1			Maxillicosta whitleyi
GCF_000238955.4	M_zebra_UMD2a	NCBI Maylandia zebra Annotation Release 104	2018-04-19	Maylandia zebra
GCA_000150855.1	ASM15085v1			Mchenga conophoros
GCA_030578275.1	ASM3057827v1			Meda fulgida
GCA_021613375.1	ASM2161337v1			Megaleporinus macrocephalus
GCF_018812025.1	ASM1881202v1	NCBI Megalobrama amblycephala Annotation Release 100	2022-05-06	Megalobrama amblycephala
GCA_019176425.1	MATL_1.0	Annotation submitted by GenoFish	2021-07-09	Megalops atlanticus
GCF_013368585.1	fMegCyp1.pri	NCBI Megalops cyprinoides Annotation Release 100	2020-10-08	Megalops cyprinoides
GCA_000150895.1	ASM15089v1			Melanochromis auratus
GCA_900291075.1	MAEA_1			Melanogrammus aeglefinus
GCA_900302345.1	ASM90030234v1			Melanonus zugmayeri
GCA_949748355.1	fMelGel1.1			Melanostigma gelatinosum
GCA_036919935.1	ASM3691993v1			Melanotaenia affinis
GCA_037177175.1	ASM3717717v1			Melanotaenia australis
GCF_017639745.1	fMelBoe1.pri	NCBI Melanotaenia boesemani Annotation Release 100	2021-06-07	Melanotaenia boesemani
GCA_037177135.1	ASM3717713v1			Melanotaenia caerulea
GCA_037177155.1	ASM3717715v1			Melanotaenia catherinae
GCA_026261665.1	ASM2626166v1			Melanotaenia duboulayi
GCA_037177195.1	ASM3717719v1			Melanotaenia eachamensis
GCA_036025615.1	ASM3602561v1			Melanotaenia fluviatilis
GCA_037177375.1	ASM3717737v1			Melanotaenia kokasensis
GCA_037177255.1	ASM3717725v1			Melanotaenia maccullochi
GCA_036919915.1	ASM3691991v1			Melanotaenia monticola
GCA_028567035.1	ASM2856703v1			Melanotaenia mubiensis
GCA_037177435.1	ASM3717743v1			Melanotaenia nigrans
GCA_036919975.1	ASM3691997v1			Melanotaenia parkinsoni
GCA_036919955.1	ASM3691995v1			Melanotaenia pygmaea
GCA_037177455.1	ASM3717745v1			Melanotaenia splendida
GCA_037177355.1	ASM3717735v1			Melanotaenia trifasciata
GCA_037177475.1	ASM3717747v1			Melanotaenia vanheurni
GCA_013363375.1	ASM1336337v1			Menidia beryllina
GCA_907169785.1	Menidia_menidia_GA_1.0	Annotation submitted by Cornell University	2021-05-15	Menidia menidia
GCA_900323355.1	ASM90032335v1			Merlangius merlangus
GCA_027123055.1	ASM2712305v1			Merluccius bilinearis
GCA_900312945.1	ASM90031294v1			Merluccius capensis
GCA_027122755.1	ASM2712275v1			Merluccius hubbsi
GCA_900312545.1	ASM90031254v1			Merluccius merluccius
GCA_027123235.1	ASM2712323v1			Merluccius paradoxus
GCA_030340625.1	Mpolli_C29	Annotation submitted by University of Oviedo	2023-06-23	Merluccius polli
GCA_027122575.1	ASM2712257v1			Merluccius polylepis
GCA_027122695.1	ASM2712269v1			Merluccius productus
GCA_037974525.1	ASM3797452v1			Micralestes humilis
GCA_034509105.1	ASM3450910v1			Microcambeva barbata
GCA_034509265.1	ASM3450926v1			Microcambeva bendego
GCA_035222435.1	ASM3522243v1			Microcambeva ribeirae
GCA_963457635.1	fMicVar1.1			Microchirus variegatus
GCA_032361105.1	ASM3236110v1			Microctenopoma lineatum
GCA_032359275.1	ASM3235927v1			Microctenopoma steveboyesi
GCA_032270685.1	ASM3227068v1			Microctenopoma stevenorrisi
GCA_964030765.1	fMicPou1.1			Micromesistius poutassou
GCA_903067075.1	HVK_MB_001			Micropoecilia bifurca
GCF_021292245.1	ASM2129224v1	NCBI Micropterus dolomieu Annotation Release 100	2022-01-26	Micropterus dolomieu
GCA_002592385.1	ASM259238v1			Micropterus floridanus
GCF_014851395.1	ASM1485139v1	NCBI Micropterus salmoides Annotation Release 100	2020-12-22	Micropterus salmoides
GCA_036365135.1	ASM3636513v1			Miichthys miiuy
GCA_034783495.1	ASM3478349v1			Millerichthys robustus
GCF_027580225.1	HAU_Mang_1.0	GCF_027580225.1-RS_2023_04	2023-04-13	Misgurnus anguillicaudatus
GCA_025389145.1	NIFS_Mimiz_1.0			Misgurnus mizolepis
GCA_036025875.1	ASM3602587v1			Mogurnda adspersa
GCA_001698575.1	ASM169857v1			Mola mola
GCA_027123675.1	ASM2712367v1			Molva macrophthalma
GCA_900323295.1	ASM90032329v1			Molva molva
GCA_900323365.1	ASM90032336v1			Monocentris japonica
GCF_001952655.1	M_albus_1.0	NCBI Monopterus albus Annotation Release 100	2017-03-23	Monopterus albus
GCA_900303205.1	Mora mora assembly			Mora moro
GCA_026777985.1	ASM2677798v1			Mormyrops attenuatus
GCA_026781065.1	ASM2678106v1			Mormyrops boulengeri
GCA_026778905.1	ASM2677890v1			Mormyrops zanclirostris
GCA_026779605.1	ASM2677960v1			Mormyrus hasselquistii
GCA_011763525.2	ASM1176352v2			Mormyrus iriodes
GCA_015163995.2	ASM1516399v2			Mormyrus lacerda
GCA_026779585.1	ASM2677958v1			Mormyrus proboscirostris
GCA_019097615.1	DOM_MoChry_2.0			Morone chrysops
GCF_004916995.1	NCSU_SB_2.0	NCBI Morone saxatilis Annotation Release 100	2020-07-22	Morone saxatilis
GCA_032164185.1	fMoxHub1_p1.0			Moxostoma hubbsi
GCF_022458985.1	CIBA_Mcephalus_1.1	NCBI Mugil cephalus Annotation Release 100	2022-04-04	Mugil cephalus
GCA_040112775.1	ASM4011277v1			Mugilogobius chulae
GCA_903171835.1	mullus_surmuletus_genome			Mullus surmuletus
GCA_900302325.1	ASM90030232v1			Muraenolepis marmorata
GCA_027704905.1	KU_S4	Annotation submitted by Korea University	2023-01-13	Muraenolepis orangiensis
GCA_039654765.1	ASM3965476v1			Mylopharyngodon piceus
GCA_026780185.1	ASM2678018v1			Myomyrus macrops
GCA_026780345.1	ASM2678034v1			Myomyrus pharao
GCA_038501785.1	ASM3850178v1			Myoxocephalus aenaeus
GCA_900312955.1	ASM90031295v1			Myoxocephalus scorpius
GCA_900302555.1	ASM90030255v1			Myripristis jacobus
GCF_902150065.1	fMyrMur1.1	NCBI Myripristis murdjan Annotation Release 100	2019-07-23	Myripristis murdjan
GCF_019703515.2	UBuf_Myxa_2	GCF_019703515.2-RS_2023_02	2023-02-25	Myxocyprinus asiaticus
GCA_963921795.1	fNanAch1.1			Nannobrachium achirus
GCA_036023655.1	ASM3602365v1			Nannoperca australis
GCA_036024295.1	ASM3602429v1			Nannoperca obscura
GCA_037974605.1	ASM3797460v1			Nannopetersius ansorgii
GCA_963989245.1	fNanAnt1.1			Nansenia antarctica
GCA_029783625.1	ASM2978362v1			Naso annulatus
GCA_029874485.1	ASM2987448v1			Naso brachycentron
GCA_029874835.1	ASM2987483v1			Naso brevirostris
GCA_029874875.1	ASM2987487v1			Naso minor
GCA_029783665.1	ASM2978366v1			Naso thynnoides
GCA_029822935.1	ASM2982293v1			Naso vlamingii
GCA_027576475.1	ASM2757647v1			Nedystoma dayi
GCA_027576615.1	ASM2757661v1			Nedystoma novaeguineae
GCA_027576855.1	ASM2757685v1			Nemapteryx armiger
GCA_027575935.1	ASM2757593v1			Nemapteryx augusta
GCA_027575955.1	ASM2757595v1			Nemapteryx nenga
GCA_036025975.1	ASM3602597v1			Nematalosa erebi
GCA_031762515.1	ASM3176251v1			Nematolebias papilliferus
GCF_014905685.2	NemWhi1	NCBI Nematolebias whitei Updated Annotation Release 100.20210725	2021-07-25	Nematolebias whitei
GCA_027576835.1	ASM2757683v1			Neoarius berneyi
GCF_027579695.1	fNeoGra1.pri	GCF_027579695.1-RS_2023_11	2023-11-10	Neoarius graeffei
GCA_025727735.1	ASM2572773v1			Neoarius leptaspis
GCA_028583085.1	ASM2858308v1			Neoarius midgleyi
GCA_029783605.1	ASM2978360v1			Neoarius paucus
GCA_029814605.1	ASM2981460v1			Neoarius pectoralis
GCA_027576535.1	ASM2757653v1			Neoarius utarus
GCA_024349245.1	ASM2434924v1			Neodontobutis hainanensis
GCA_007210695.1	RGoby_Basel_V2			Neogobius melanostomus
GCA_015113255.1	LHF7.scf			Neolamprologus bifasciatus
GCA_015109695.1	KCE5.scf			Neolamprologus boulengeri
GCA_015103015.1	ILB6.scf			Neolamprologus brevis
GCF_000239395.1	NeoBri1.0	NCBI Neolamprologus brichardi Annotation Release 101	2020-08-19	Neolamprologus brichardi
GCA_015107095.1	JEI5.scf			Neolamprologus buescheri
GCA_015103035.1	ILA7.scf			Neolamprologus calliurus
GCA_015113075.1	LJC9.scf			Neolamprologus cancellatus
GCA_015105295.1	IQA3.scf			Neolamprologus caudopunctatus
GCA_015109035.1	KHA7.scf			Neolamprologus chitamwebwai
GCA_015104465.1	ITG2.scf			Neolamprologus christyi
GCA_015104075.1	IVF1.scf			Neolamprologus crassus
GCA_015103235.1	GPH2.scf			Neolamprologus cylindricus
GCA_015052545.1	LEH2.scf			Neolamprologus devosi
GCA_015110515.1	JXD4.scf			Neolamprologus falcicula
GCA_015102195.1	AUE7.scf			Neolamprologus fasciatus
GCA_015108955.1	JEI6.scf			Neolamprologus furcifer
GCA_015108275.1	JWH2.scf			Neolamprologus gracilis
GCA_015102335.1	A142.scf			Neolamprologus hecqui
GCA_015108395.1	JWG9.scf			Neolamprologus helianthus
GCA_015108215.1	JWH9.scf			Neolamprologus leleupi
GCA_015111655.1	LCA2.scf			Neolamprologus leloupi
GCA_015108155.1	JWI3.scf			Neolamprologus longicaudatus
GCA_015109375.1	KEH3.scf			Neolamprologus longior
GCA_015108335.1	JWH4.scf			Neolamprologus marunguensis
GCA_015107355.1	JDF4.scf			Neolamprologus meeli
GCA_015102555.1	IMH3.scf			Neolamprologus modestus
GCA_015106975.1	JVB4.scf			Neolamprologus mondabu
GCA_963576455.1	fNeoMul1.1			Neolamprologus multifasciatus
GCA_015102955.1	ILB4.scf			Neolamprologus mustax
GCA_015111955.1	KYA5.scf			Neolamprologus niger
GCA_015102355.1	A108.scf			Neolamprologus nigriventris
GCA_015102675.1	IMA2.scf			Neolamprologus obscurus
GCA_015108255.1	JWH6.scf			Neolamprologus olivaceous
GCA_015108755.1	JWA7.scf			Neolamprologus pectoralis
GCA_015112555.1	LGI1.scf			Neolamprologus petricola
GCA_015109975.1	JZF2.scf			Neolamprologus pleuromaculatus
GCA_015106535.1	IVH1.scf			Neolamprologus prochilus
GCA_015104715.1	ISB3.scf			Neolamprologus pulcher
GCA_015104745.1	ISA8.scf			Neolamprologus savoryi
GCA_015102515.1	IND7.scf			Neolamprologus sexfasciatus
GCA_015109475.1	KEC1.scf			Neolamprologus similis
GCA_015109655.1	KCI6.scf			Neolamprologus sp. 'brevis magara' AB-2019
GCA_015111175.1	LDG3.scf			Neolamprologus sp. 'caudopunctatus kipili' AB-2019
GCA_015110875.1	LFD4.scf			Neolamprologus sp. 'cygnus' AB-2019
GCA_015110915.1	LFB9.scf			Neolamprologus sp. 'eseki' AB-2019
GCA_015111635.1	LCB5.scf			Neolamprologus sp. 'falcicula mahale' AB-2019
GCA_015111255.1	LDF5.scf			Neolamprologus sp. 'furcifer ulwile' AB-2019
GCA_015111615.1	LCC6.scf			Neolamprologus sp. 'gracilis tanzania' AB-2019
GCA_015102855.1	ILE6.scf			Neolamprologus sp. 'kombe' AB-2019
GCA_015107155.1	JED5.scf			Neolamprologus sp. 'ventralis stripe' AB-2019
GCA_015105335.1	IPG3.scf			Neolamprologus tetracanthus
GCA_015112655.1	LGE2.scf			Neolamprologus timidus
GCA_015110075.1	JZD6.scf			Neolamprologus toae
GCA_015109125.1	KFH5.scf			Neolamprologus tretocephalus
GCA_015108695.1	JWA6.scf			Neolamprologus variostigma
GCA_015109735.1	KAG8.scf			Neolamprologus ventralis
GCA_015109215.1	KFD4.scf			Neolamprologus walteri
GCA_900302535.1	ASM90030253v1			Neoniphon sammara
GCA_030340665.1	ASM3034066v1			Neosalanx taihuensis
GCA_028564935.1	ASM2856493v1			Neosilurus hyrtlii
GCA_030014195.1	ASM3001419v1			Neosilurus mollespiculum
GCA_902685375.1	fNeoBic2.1			Neostethus bicornis
GCF_033978685.1	RoL_Nlum_1.0	GCF_033978685.1-RS_2023_12	2023-12-19	Nerophis lumbriciformis
GCF_033978795.1	RoL_Noph_v1.0	GCF_033978795.1-RS_2023_12	2023-12-20	Nerophis ophidion
GCA_027576575.1	ASM2757657v1			Netuma bilineata
GCA_014281875.1	ASM1428187v1	Annotation submitted by Marine Fishery Institute of Zhejiang Province	2021-07-14	Nibea albiflora
GCA_023373845.1	ASM2337384v1			Nibea coibor
GCA_025447875.1	ASM2544787v1			Notarius cookei
GCA_025212355.1	ASM2521235v1			Notarius kessleri
GCA_025400055.1	ASM2540005v1			Notarius lentiginosus
GCA_026167865.1	ASM2616786v1			Notarius quadriscutis
GCF_027789165.1	UI_Nfuz_MZM_1.0	GCF_027789165.1-RS_2023_03	2023-03-20	Nothobranchius furzeri
GCA_006942095.1	MPIBA_Nkuh_1.0			Nothobranchius kuhntae
GCA_030068235.1	ASM3006823v1			Notoglanidium macrostoma
GCA_030068355.1	ASM3006835v1			Notoglanidium maculatum
GCF_009762535.1	fNotCel1.pri	NCBI Notolabrus celidotus Annotation Release 100	2020-05-21	Notolabrus celidotus
GCA_963971535.1	fNotCoa1.1			Notolepis coatsorum
GCF_000735185.1	NC01	NCBI Notothenia coriiceps Annotation Release 100	2014-12-18	Notothenia coriiceps
GCA_949606895.1	fNotRos5.1			Notothenia rossii
GCA_022414735.1	MU_Nplac_3.0			Noturus placidus
GCA_016801125.1	ASM1680112v1			Novumbra hubbsi
GCA_027574745.1	ASM2757474v1			Occidentarius platypogon
GCA_034769755.1	ASM3476975v1			Odontamblyopus lacepedii
GCA_030686955.1	ASM3068695v1			Odontamblyopus rebecca
GCA_027942865.1	fOdoBon6.hap1			Odontesthes bonariensis
GCA_028565825.1	ASM2856582v1			Olivaichthys viedmensis
GCF_021184085.1	OgorEven_v1.0	NCBI Oncorhynchus gorbuscha Annotation Release 100	2022-01-26	Oncorhynchus gorbuscha
GCF_023373465.1	Oket_V2	GCF_023373465.1-RS_2023_03	2023-03-03	Oncorhynchus keta
GCF_002021735.2	Okis_V2	NCBI Oncorhynchus kisutch Annotation Release 101	2019-11-27	Oncorhynchus kisutch
GCF_036934945.1	UVic_Omas_1.1	GCF_036934945.1-RS_2024_04	2024-04-24	Oncorhynchus masou masou
GCF_013265735.2	USDA_OmykA_1.1	NCBI Oncorhynchus mykiss Annotation Release 101	2020-10-06	Oncorhynchus mykiss
GCF_034236695.1	Oner_Uvic_2.0	GCF_034236695.1-RS_2024_05	2024-05-02	Oncorhynchus nerka
GCF_018296145.1	Otsh_v2.0	NCBI Oncorhynchus tshawytscha Annotation Release 101	2021-06-28	Oncorhynchus tshawytscha
GCF_012432095.1	ASM1243209v1	GCF_012432095.1-RS_2023_08	2023-08-02	Onychostoma macrolepis
GCA_024372805.1	ASM2437280v1			Oostethus manadensis
GCA_016806645.1	NWFSC_Oelon_r3.mflye			Ophiodon elongatus
GCA_024529925.1	ASM2452992v1			Ophthalmolycus amberensis
GCA_015110735.1	LFI4.scf			Ophthalmotilapia boops
GCA_015103535.1	Bel12.scf			Ophthalmotilapia heterodonta
GCA_015103715.1	AXH8.scf			Ophthalmotilapia nasuta
GCA_015110275.1	JYF7.scf			Ophthalmotilapia sp. 'paranasuta' AB-2019
GCA_015112615.1	LGH1.scf			Ophthalmotilapia sp. 'white cap' AB-2019
GCA_015105175.1	IQD3.scf			Ophthalmotilapia ventralis
GCA_003416845.1	ASM341684v1			Oplegnathus fasciatus
GCA_900660325.1	Opsanus_beta_assembly			Opsanus beta
GCA_037194245.1	ASM3719424v1			Opsariichthys bidens
GCF_013358895.1	ZZ_aureus	NCBI Oreochromis aureus Annotation Release 101	2021-02-11	Oreochromis aureus
GCA_029532605.1	ASM2953260v1			Oreochromis grahami
GCA_015111835.1	KYH4.scf			Oreochromis malagarasi
GCA_922035795.1	Oreochromis_mossambicus_EIV1			Oreochromis mossambicus
GCF_001858045.2	O_niloticus_UMD_NMBU	NCBI Oreochromis niloticus Annotation Release 104	2018-07-20	Oreochromis niloticus
GCA_008269305.1	ASM826930v1			Oreochromis spilurus
GCA_015052225.1	JAB6.scf			Oreochromis tanganicae
GCA_026939265.1	ASM2693926v1			Oreonectes daqikongensis
GCA_032876305.1	ASM3287630v1			Orestias chungarensis
GCA_032876255.1	ASM3287625v1			Orestias gloriae
GCA_032876265.1	ASM3287626v1			Orestias laucaensis
GCA_015103075.1	HXC6.scf			Orthochromis indermauri
GCA_015111915.1	KYE2.scf			Orthochromis malagaraziensis
GCA_015109575.1	KDC6.scf			Orthochromis mazimeroensis
GCA_015111895.1	KYE7.scf			Orthochromis uvinzae
GCA_014656515.1	OryCel_1.0			Oryzias celebensis
GCA_023969325.1	ASM2396932v1			Oryzias curvinotus
GCA_030512385.1	ASM3051238v1			Oryzias dopingdopingensis
GCA_003999625.1	OJAV_1.1	Annotation submitted by INRA (Fish Physiology and Genomics laboratory)	2019-01-08	Oryzias javanicus
GCF_002234675.1	ASM223467v1	NCBI Oryzias latipes Annotation Release 103	2018-01-31	Oryzias latipes
GCF_002922805.2	ASM292280v2	NCBI Oryzias melastigma Annotation Release 101	2020-09-24	Oryzias melastigma
GCA_037389245.1	ASM3738924v1			Oryzias sinensis
GCA_016861445.1	OryWow_0.9			Oryzias woworae
GCF_963692335.1	fOsmEpe2.1	GCF_963692335.1-RS_2024_01	2024-01-19	Osmerus eperlanus
GCA_038355195.1	fOsmMor3.pri			Osmerus mordax
GCA_026413485.1	ASM2641348v1			Osteogeneiosus militaris
GCA_029822955.1	ASM2982295v1			Ostorhinchus angustatus
GCA_029814465.1	ASM2981446v1			Ostorhinchus cyanosoma
GCA_030068375.1	ASM3006837v1			Ostorhinchus rueppellii
GCA_003573665.1	Novo_Ost_1.0			Oxygymnocypris stewartii
GCA_006937955.1	MPIBA_Ppla_1.0			Pachypanchax playfairii
GCA_028128575.1	ASM2812857v1			Paedocypris carbunculus
GCA_028031935.1	ASM2803193v1			Paedocypris micromegethes
GCA_017309775.1	IMCB_Psing_F_1.0			Paedocypris sp. Pulau Singkep
GCA_943590895.1	fPagMac1			Pagetopsis macropterus
GCA_002897255.1	Pmaj_1.0			Pagrus major
GCA_036937835.1	ASM3693783v1			Pampus argenteus
GCA_022758105.1	PGIGA_1.1	Annotation submitted by GenoFish	2022-03-30	Pangasianodon gigas
GCF_027358585.1	fPanHyp1.pri	GCF_027358585.1-RS_2023_02	2023-02-27	Pangasianodon hypophthalmus
GCA_037577625.1	PBOC_1.1			Pangasius bocourti
GCA_037577785.1	PCON_1.1			Pangasius conchophilus
GCA_022985145.1	PDJA	Annotation submitted by GenoFish	2022-04-19	Pangasius djambal
GCA_033441825.1	PELO_1.1			Pangasius elongatus
GCA_037576825.1	PKRE_1.1			Pangasius krempfi
GCA_037576815.1	PLAR_1.1			Pangasius larnaudii
GCA_037577455.1	PMAC_1.1			Pangasius macronema
GCA_033441845.1	PMEK_1.1			Pangasius mekongensis
GCA_037576675.1	PSAN_1.1			Pangasius sanitwongsei
GCA_015343265.1	ASM1534326v1			Pao palembangensis
GCA_900302745.1	ASM90030274v1			Parablennius parvicornis
GCA_018749465.1	ASM1874946v1			Paracanthobrama guichenoti
GCA_029874595.1	ASM2987459v1			Parachondrostoma miegii
GCA_015110335.1	JXI2.scf			Paracyprichromis brieni
GCA_015103275.1	GPC4.scf			Paracyprichromis nigripinnis
GCA_015105235.1	IQB9.scf			Paracyprichromis sp. 'brieni south' AB-2019
GCA_015108655.1	JWD1.scf			Paracyprichromis sp. 'tembwe' AB-2019
GCF_001970005.1	Flounder_ref_guided_V1.0	NCBI Paralichthys olivaceus Annotation Release 100	2017-02-03	Paralichthys olivaceus
GCF_900634625.1	fParRan2.1	NCBI Parambassis ranga Annotation Release 100	2019-03-12	Parambassis ranga
GCA_900634625.2	fParRan2.2			Parambassis ranga
GCF_030506205.1	PD_contigs_1.0	GCF_030506205.1-RS_2024_05	2024-05-09	Paramisgurnus dabryanus
GCA_026780785.1	ASM2678078v1			Paramormyrops hopkinsi
GCF_002872115.1	PKINGS_0.1	NCBI Paramormyrops kingsleyae Annotation Release 100	2018-01-31	Paramormyrops kingsleyae
GCA_027576875.1	ASM2757687v1			Paramormyrops sp. MAG
GCA_016785265.1	ASM1678526v1			Paraplagusia blochii
GCA_900302295.1	ASM90030229v1			Parasudis fraserbrunneri
GCA_015106735.1	JWD5.scf			Paratilapia polleni
GCA_036785185.1	ASM3678518v1			Paratrypauchen microcephalus
GCA_030014255.1	ASM3001425v1			Parauchenoglanis ngamensis
GCA_030014325.1	ASM3001432v1			Parauchenoglanis pantherinus
GCA_030068025.1	ASM3006802v1			Parauchenoglanis punctatus
GCA_036873895.1	ASM3687389v1			Parotocinclus cabessadecuia
GCA_034780495.1	ASM3478049v1			Parotocinclus cesarpintoi
GCA_034779995.1	ASM3477999v1			Parotocinclus haroldoi
GCA_034780255.1	ASM3478025v1			Parotocinclus maculicauda
GCA_033117975.1	ASM3311797v1			Parotocinclus spilosoma
GCF_036321145.2	Pm_UMD_F_2	GCF_036321145.2-RS_2024_05	2024-05-17	Pelmatolapia mariae
GCA_015108175.1	JWI4.scf			Pelvicachromis taeniatus
GCF_004354835.1	PFLA_1.0	NCBI Perca flavescens Annotation Release 100	2019-03-29	Perca flavescens
GCF_010015445.1	GENO_Pfluv_1.0	NCBI Perca fluviatilis Annotation Release 100	2021-02-23	Perca fluviatilis
GCA_025617405.1	perSch-LR			Perca schrenkii
GCA_040143625.1	CSIRO-AGI_Mcol_v1			Percalates colonorum
GCA_024416835.2	ASM2441683v2			Perccottus glenii
GCA_013375575.1	MU_Pcap_1.0			Percina caprodes
GCA_027575585.1	ASM2757558v1			Percopsis omiscomaycus
GCA_025447815.1	ASM2544781v1			Percopsis transmontana
GCA_000787095.1	PS.fa			Periophthalmodon schlosseri
GCF_009829125.3	fPerMag1.2.pri	GCF_009829125.3-RS_2023_04	2023-04-13	Periophthalmus magnuspinnatus
GCA_019594935.1	ASM1959493v1			Periophthalmus modestus
GCA_015107955.1	IZB2.scf			Perissodus eccentricus
GCA_015105195.1	IQC4.scf			Perissodus microlepis
GCA_015106075.1	IZA8.scf			Perissodus multidentatus
GCA_026774405.1	ASM2677440v1			Petrocephalus microphthalmus
GCA_026780765.1	ASM2678076v1			Petrocephalus schoutedeni
GCA_026780845.1	ASM2678084v1			Petrocephalus sullivani
GCA_026774425.1	ASM2677442v1			Petrocephalus zakoni
GCA_015108095.1	IYA7.scf			Petrochromis famula
GCA_015103155.1	GPH7.scf			Petrochromis fasciolatus
GCA_015106495.1	IWB6.scf			Petrochromis horii
GCA_015111435.1	LDA4.scf			Petrochromis macrognathus
GCA_015110415.1	JXH5.scf			Petrochromis orthognathus
GCA_015103915.1	AWB9.scf			Petrochromis polyodon
GCA_015111355.1	LDC6.scf			Petrochromis sp. 'giant' AB-2019
GCA_015109515.1	KEB4.scf			Petrochromis sp. 'kazumbae' AB-2019
GCA_015111315.1	LDE4.scf			Petrochromis sp. 'kipili brown' AB-2019
GCA_015112775.1	LGB8.scf			Petrochromis sp. 'macrognathus rainbow' AB-2019
GCA_015111455.1	LCF6.scf			Petrochromis sp. 'moshi yellow' AB-2019
GCA_015052525.1	LFA8.scf			Petrochromis sp. 'orthognathus ikola' AB-2019
GCA_015112515.1	LHB3.scf			Petrochromis sp. 'polyodon texas' AB-2019
GCA_015111535.1	LCD5.scf			Petrochromis sp. 'red' AB-2019
GCA_902810495.1	PTv1.0			Petrochromis trewavasae
GCA_902982915.1	HVK001			Phalloptychus januarius
GCA_015108475.1	JWF3.scf			Pharyngochromis acuticeps
GCA_037974425.1	ASM3797442v1			Phenacogrammus interruptus
GCA_037974485.1	ASM3797448v1			Phenacogrammus urotaenia
GCA_036025635.1	ASM3602563v1			Philypnodon grandiceps
GCA_036025475.1	ASM3602547v1			Philypnodon macrostomus
GCA_020510985.1	fPhoLeu1.pri			Pholidichthys leucotaenia
GCA_910591455.2	fPhoGun1.2			Pholis gunnellus
GCA_033366665.1	CNRS_Phodra_1.1			Phoxinus dragarum
GCA_949152265.1	fPhoPho1.1			Phoxinus phoxinus
GCA_900302315.1	ASM90030231v1			Phycis blennoides
GCA_027123565.1	ASM2712356v1			Phycis chesteri
GCA_900302335.1	ASM90030233v1			Phycis phycis
GCF_024500275.1	UOR_Pequ_1.1	GCF_024500275.1-RS_2023_12	2023-12-20	Phycodurus eques
GCF_024500385.1	UOR_Ptae_1.2	GCF_024500385.1-RS_2023_12	2023-12-19	Phyllopteryx taeniolatus
GCA_040208305.1	UNR_Pmes_2.0			Piaractus mesopotamicus
GCF_016745375.1	EPA_FHM_2.0	NCBI Pimephales promelas Annotation Release 100	2021-02-19	Pimephales promelas
GCA_040144785.1	ASM4014478v1			Plagiognathops microlepis
GCA_005024645.1	Liza_haematocheila_0.1			Planiliza haematocheilus
GCF_949316205.1	fPlaFle2.1	GCF_949316205.1-RS_2024_01	2024-01-16	Platichthys flesus
GCA_016801935.1	ASM1680193v1			Platichthys stellatus
GCA_030068045.1	ASM3006804v1			Platyallabes tihoni
GCA_028565615.2	ASM2856561v2			Platytropius siamensis
GCA_015113155.1	LHI6.scf			Plecodus elaviae
GCA_015107295.1	JDI4.scf			Plecodus paradoxus
GCA_015105735.1	INE8.scf			Plecodus straeleni
GCA_036571765.1	ASM3657176v1			Plecoglossus altivelis
GCF_008729295.1	YSFRI_Pleo_2.0	NCBI Plectropomus leopardus Annotation Release 100	2021-07-14	Plectropomus leopardus
GCF_947347685.1	fPlePla1.1	GCF_947347685.1-RS_2023_03	2023-03-11	Pleuronectes platessa
GCA_027576555.1	ASM2757655v1			Plicofollis layardi
GCA_027576675.1	ASM2757667v1			Plicofollis nella
GCA_027576095.1	ASM2757609v1			Plicofollis tonggol
GCA_024760905.1	SWU_Pli_1.0			Plotosus lineatus
GCF_000485575.1	Poecilia_formosa-5.1.2	NCBI Poecilia formosa Annotation Release 101	2016-04-29	Poecilia formosa
GCA_903068115.1	HVK_PGI_001			Poecilia gillii
GCF_001443285.1	P_latipinna-1.0	NCBI Poecilia latipinna Annotation Release 100	2015-12-10	Poecilia latipinna
GCF_001443325.1	P_mexicana-1.0	NCBI Poecilia mexicana Annotation Release 100	2015-12-10	Poecilia mexicana
GCA_033032245.1	UBC_Ppic_1.0			Poecilia picta
GCF_000633615.1	Guppy_female_1.0+MT	NCBI Poecilia reticulata Annotation Release 101	2016-06-10	Poecilia reticulata
GCA_036873795.1	ASM3687379v1			Poecilia velifera
GCA_903068105.1	HVK_PW_001			Poecilia wingei
GCA_911649635.1	HVK_PG_002			Poeciliopsis gracilis
GCA_903067105.1	HVK_PI_001			Poeciliopsis infans
GCA_010883035.1	ASM1088303v1			Poeciliopsis occidentalis
GCA_903067055.1	HVK_PPA_001			Poeciliopsis paucimaculata
GCA_903068095.1	HVK_PPR_001			Poeciliopsis presidionis
GCF_027474105.1	Auburn_PproV2	GCF_027474105.1-RS_2023_04	2023-04-07	Poeciliopsis prolifica
GCA_010277075.1	ASM1027707v1			Poeciliopsis retropinna
GCA_922788865.1	HVK001PTURNERI			Poeciliopsis turneri
GCA_010277015.1	ASM1027701v1			Poeciliopsis turrubarensis
GCA_028583405.1	KU_S6	Annotation submitted by Korea University	2023-02-10	Pogonophryne albipinna
GCA_949987615.1	fPolPol2.1			Pollachius pollachius
GCA_900312635.1	ASM90031263v1			Pollachius virens
GCA_019775955.2	ASM1977595v2			Pollimyrus isidori
GCA_019775915.2	ASM1977591v2			Pollimyrus plagiostoma
GCA_016801845.1	ASM1680184v1			Polydactylus sextarius
GCA_900302305.1	ASM90030230v1			Polymixia japonica
GCF_017654505.1	ASM1765450v1	NCBI Polyodon spathula Annotation Release 100	2021-04-29	Polyodon spathula
GCA_026402145.1	ASM2640214v1			Polypterus bichir lapradei
GCF_016835505.1	ASM1683550v1	NCBI Polypterus senegalus Annotation Release 100	2021-02-23	Polypterus senegalus
GCA_029875035.1	ASM2987503v1			Pomatoschistus microps
GCA_039654305.1	ASM3965430v1			Porochilus rendahli
GCA_004124795.1	ASM412479v1			Poropuntius huangchuchieni
GCA_027576435.1	ASM2757643v1			Potamarius nelsoni
GCA_025447855.1	ASM2544785v1			Potamarius usumacintae
GCA_027576255.1	ASM2757625v1			Potamosilurus coatesi
GCA_027576495.1	ASM2757649v1			Potamosilurus latirostris
GCA_025403505.1	ASM2540350v1			Potamosilurus macrorhynchus
GCA_027576595.1	ASM2757659v1			Potamosilurus velutinus
GCA_025728095.1	ASM2572809v1			Prietella phreatophila
GCA_024036415.1	ASM2403641v1	Annotation submitted by bgi	2022-06-29	Prochilodus magdalenae
GCA_021464625.1	fProSem1.pri.20201207			Proterorhinus semilunaris
GCA_963924005.1	fProBol1.1			Protomyctophum bolini
GCA_028641955.1	ASM2864195v1			Protonibea diacanthus
GCA_030340685.1	ASM3034068v1			Protosalanx chinensis
GCA_040143585.1	CSIRO-AGI_Pmar_v1			Prototroctes maraena
GCA_016785225.1	ASM1678522v1			Psettodes erumei
GCA_029823295.1	ASM2982329v1			Pseudamia nigra
GCA_040143645.1	CSIRO-AGI_Purv_v1			Pseudaphritis urvillii
GCF_902827115.1	fPseGeo1.1	NCBI Pseudochaenichthys georgianus Annotation Release 100	2020-05-01	Pseudochaenichthys georgianus
GCA_902827115.2	fPseGeo1.2			Pseudochaenichthys georgianus
GCA_029874365.1	ASM2987436v1			Pseudochondrostoma polylepis
GCA_900323345.1	ASM90032334v1			Pseudochromis fuscus
GCA_032270725.1	ASM3227072v1			Pseudocrenilabrus philander
GCA_028570925.1	ASM2857092v1			Pseudolaguvia shawi
GCA_026260255.1	ASM2626025v1			Pseudolaguvia tuberculata
GCA_004335475.1	ASM433547v1			Pseudoliparis sp. Yap Trench
GCF_029220125.1	NWPU_hadal_v1	GCF_029220125.1-RS_2023_05	2023-05-24	Pseudoliparis swirei
GCA_037177535.1	ASM3717753v1			Pseudomugil gertrudae
GCA_037177565.1	ASM3717756v1			Pseudomugil signifer
GCA_037177515.1	ASM3717751v1			Pseudomugil tenellus
GCA_038501795.1	ASM3850179v1			Pseudopleuronectes americanus
GCA_024679245.1	ASM2467924v1			Pseudorasbora parva
GCA_016785235.1	ASM1678523v1			Pseudorhombus dupliciocellatus
GCA_026260215.1	ASM2626021v1			Pseudoscaphirhynchus fedtschenkoi
GCA_015107015.1	JUA4.scf			Pseudosimochromis babaulti
GCA_015052425.1	AYC7.scf			Pseudosimochromis curvifrons
GCA_015052565.1	KCE7.scf			Pseudosimochromis marginatus
GCA_947000775.1	pmiles_assembly_v2022			Pterois miles
GCA_024447675.2	IM_AGF_Complete			Pterophyllum scalare
GCA_027422405.1	SKLP_Pkaz_1.1			Ptychobarbus kaznakovi
GCA_015103295.1	FPO1.scf			Ptychochromis oligocanthus
GCF_000239375.1	PunNye1.0	NCBI Pundamilia nyererei Annotation Release 101	2015-08-28	Pundamilia nyererei
GCF_949316345.1	fPunPun2.1	GCF_949316345.1-RS_2024_01	2024-01-11	Pungitius pungitius
GCA_015708565.1	Z03.scf			Pungu maclareni
GCF_018831695.1	ASM1883169v1	NCBI Puntigrus tetrazona Annotation Release 100	2021-08-12	Puntigrus tetrazona
GCF_015220715.1	fPygNat1.pri	NCBI Pygocentrus nattereri Annotation Release 101	2020-11-10	Pygocentrus nattereri
GCA_028570965.1	ASM2857096v1			Pylodictis olivaris
GCA_038496675.1	ASM3849667v1			Rachycentron canadum
GCA_024605115.1	ASM2460511v1			Rastrelliger brachysoma
GCA_024605255.1	ASM2460525v1			Rastrelliger kanagurta
GCA_900302585.1	ASM90030258v1			Regalecus glesne
GCA_015104255.1	IUI4.scf			Reganochromis calliurus
GCA_006182925.3	UL_REHI_2.0			Reinhardtius hippoglossoides
GCA_034769265.1	ASM3476926v1			Remorina albescens
GCA_040143555.1	CSIRO-AGI_Rsem_C1_v1			Retropinna semoni
GCA_037832545.1	ASM3783254v1			Rhabdalestes septentrionalis
GCA_037177495.1	ASM3717749v1			Rhadinocentrus ornatus
GCA_000150935.1	ASM15093v1			Rhamphochromis esox
GCA_963969265.1	fRhaChi2.1			Rhamphochromis sp. 'chilingali'
GCF_029890125.1	OSU_Roscu_1.1	GCF_029890125.1-RS_2023_05	2023-05-17	Rhinichthys klamathensis goyatoka
GCA_029959095.1	fRhiOsc1.0.hap1			Rhinichthys osculus
GCA_039654625.1	ASM3965462v1			Rhinogobio ventralis
GCA_019453435.1	ASM1945343v1			Rhinogobius similis
GCA_037043235.1	Rhuy_ver1			Rhodeus uyekii
GCA_036850595.1	ASM3685059v1			Rhyacichthys aspro
GCA_023566225.1	ASM2356622v1			Romanogobio albipinnatus
GCA_900302605.1	ASM90030260v1			Rondeletia loricata
GCA_021464565.1	fRutRut3.pri.20211004			Rutilus rutilus
GCF_902148845.1	fSalaFa1.1	NCBI Salarias fasciatus Annotation Release 100	2019-07-18	Salarias fasciatus
GCA_030463535.1	fSalBra1.hap2			Salminus brasiliensis
GCF_905237065.1	Ssal_v3.1	NCBI Salmo salar Annotation Release 102	2021-12-15	Salmo salar
GCF_901001165.1	fSalTru1.1	NCBI Salmo trutta Annotation Release 100	2019-06-25	Salmo trutta
GCA_901001165.2	fSalTru1.2			Salmo trutta
GCF_029448725.1	ASM2944872v1	GCF_029448725.1-RS_2023_04	2023-04-27	Salvelinus fontinalis
GCF_016432855.1	SaNama_1.0	NCBI Salvelinus namaycush Annotation Release 100	2021-01-08	Salvelinus namaycush
GCF_002910315.2	ASM291031v2	NCBI Salvelinus alpinus Annotation Release 101	2018-02-18	Salvelinus sp. IW2-2015
GCA_032362345.1	ASM3236234v1			Sandelia bainsii
GCF_008315115.2	SLUC_FBN_1.2	NCBI Sander lucioperca Annotation Release 101	2020-08-21	Sander lucioperca
GCA_031162955.1	sanVit1			Sander vitreus
GCF_963854185.1	fSarPil1.1	GCF_963854185.1-RS_2024_01	2024-01-18	Sardina pilchardus
GCA_030264415.1	ASM3026441v1			Sardinella fimbriata
GCA_034783695.1	ASM3478369v1			Sardinella gibbosa
GCA_032353275.1	ASM3235327v1			Sardinella hualiensis
GCA_030264355.1	ASM3026435v1			Sardinella lemuru
GCA_027497455.2	S_Long_CMFRI_1.2			Sardinella longiceps
GCA_030264315.1	ASM3026431v1			Sardinella tawilis
GCA_015106635.1	JWF4.scf			Sargochromis carlottae
GCA_015708515.1	Z17.scf			Sarotherodon caroli
GCA_015708405.1	Z05.scf			Sarotherodon lohbergeri
GCA_015708585.1	Z07.scf			Sarotherodon steinbachi
GCA_024453875.1	ASM2445387v1			Scardinius erythrophthalmus
GCA_000787155.1	SH.fa			Scartelaos histophorus
GCA_036419115.1	ASM3641911v1			Scarus forsteni
GCF_020382885.2	fScaArg1.pri	NCBI Scatophagus argus Annotation Release 100	2022-01-03	Scatophagus argus
GCA_027474115.1	SKLP_Smal_1.2			Schizopygopsis malacanthus
GCA_027422435.1	SKLP_Spyl_1.3			Schizopygopsis pylzovi
GCA_027422415.1	SKLP_Slan_1.0			Schizothorax lantsangensis
GCA_027576325.1	ASM2757632v1			Sciades assimilis
GCA_028877415.1	ASM2887741v1			Sciades dowii
GCA_026153275.1	ASM2615327v1			Sciades herzbergii
GCA_027576895.1	ASM2757689v1			Sciades mastersi
GCA_027576175.1	ASM2757617v1			Sciades proops
GCA_027575605.1	ASM2757560v1			Sciades troschelii
GCA_033000465.1	ASM3300046v1			Sciaenops ocellatus
GCF_900964775.1	fSclFor1.1	NCBI Scleropages formosus Annotation Release 101	2019-05-06	Scleropages formosus
GCA_021039105.1	S.colias_p1.0			Scomber colias
GCF_027409825.1	fScoJap1.pri	GCF_027409825.1-RS_2023_02	2023-02-25	Scomber japonicus
GCF_963691925.1	fScoSco1.1	GCF_963691925.1-RS_2024_01	2024-01-18	Scomber scombrus
GCA_038419695.1	ASM3841969v1			Scomberomorus guttatus
GCF_022379125.1	ASM2237912v1	NCBI Scophthalmus maximus Annotation Release 101	2022-03-30	Scophthalmus maximus
GCA_028566435.1	ASM2856643v1			Scorpiodoras heckelii
GCA_023238725.1	ASM2323872v1	Annotation submitted by bgi	2022-05-12	Scortum barcoo
GCA_916700875.1	S-aleutianus_SEB-111			Sebastes aleutianus
GCA_916700825.1	S-alutus_KUI2069			Sebastes alutus
GCA_916700955.1	S-atrovirens_xSEB-24			Sebastes atrovirens
GCA_916700975.1	S-auriculatus_S-1A			Sebastes auriculatus
GCA_916700905.1	S-aurora_KUI448			Sebastes aurora
GCA_916700865.1	S-babcocki_HO-4			Sebastes babcocki
GCA_916700835.1	S_baramenuke_131606			Sebastes baramenuke
GCA_916700985.1	S-borealis_KUI2095			Sebastes borealis
GCA_916700855.1	S-carnatus_xSEB-21			Sebastes carnatus
GCA_916700845.1	S-caurinus_SEB-191			Sebastes caurinus
GCA_916700745.1	S_cheni_135386			Sebastes cheni
GCA_916700915.1	S-chlorostictus_xSEB-10			Sebastes chlorostictus
GCA_916700805.1	S-ciliatus_KUI2032			Sebastes ciliatus
GCA_916700895.1	S-constellatus_SEB-71			Sebastes constellatus
GCA_916700755.1	S-crameri_SEB-4			Sebastes crameri
GCA_916700725.1	S-dalli_xSEB-31			Sebastes dallii
GCA_916700945.1	S-diaconus_SEB-21			Sebastes diaconus
GCA_916700885.1	S-diploproa_KUI2154			Sebastes diploproa
GCA_916700925.1	S-elongatus_SEB-146			Sebastes elongatus
GCA_916700965.1	S-ensifer_SEB-163			Sebastes ensifer
GCA_916700775.2	S-entomelas_SEB-8_chr			Sebastes entomelas
GCA_916700705.1	S-exsul_SEB-BAJA-1			Sebastes exsul
GCA_916700765.1	S-fasciatus_KUI2796			Sebastes fasciatus
GCA_916700785.1	S-flavidus_SEB-19			Sebastes flavidus
GCA_916700795.1	S_glaucus_134638			Sebastes glaucus
GCA_916700735.1	S-goodei_SEB-148			Sebastes goodei
GCA_916700695.1	S-helvomaculatus_KUI479			Sebastes helvomaculatus
GCA_916701215.1	S-hopkinsi_xSEB-7			Sebastes hopkinsi
GCA_916701285.1	S_hubbsi_137692			Sebastes hubbsi
GCA_916701085.1	S_inermis_136187			Sebastes inermis
GCA_916701015.1	S_iracundus_136139			Sebastes iracundus
GCA_916701335.1	S_itinus_130931			Sebastes itinus
GCA_916701295.1	S-jordani_KUI517			Sebastes jordani
GCA_916701105.1	S_joyneri_137149			Sebastes joyneri
GCA_916701135.1	S_kiyomatsui_145871			Sebastes kiyomatsui
GCA_916701025.1	S_koreanus_134992			Sebastes koreanus
GCA_916701195.1	S-levis_KUI567			Sebastes levis
GCA_916701265.1	S_maliger_SEB-721			Sebastes maliger
GCA_916701035.1	S_matsubarae_146680			Sebastes matsubarae
GCA_916701325.1	S_melanops_134856			Sebastes melanops
GCA_916701165.1	S-melanostomus_HO-5			Sebastes melanostomus
GCA_916701205.1	S-mentella_KUI3097			Sebastes mentella
GCA_916701275.1	S-miniatus_SEB-74			Sebastes miniatus
GCA_916701305.1	S_minor_135284			Sebastes minor
GCA_916701315.1	S-moseri_SEB-9			Sebastes moseri
GCA_916701245.1	S-mystinus_SEB-17			Sebastes mystinus
GCA_916701055.1	S_nebulosus_SEB-720			Sebastes nebulosus
GCA_000475235.3	ASM47523v3			Sebastes nigrocinctus
GCA_916701345.1	S_nivosus_134373			Sebastes nivosus
GCA_900302655.1	ASM90030265v1			Sebastes norvegicus
GCA_916701225.1	S_nudus_133427			Sebastes nudus
GCA_916701095.1	S_oblongus_137157			Sebastes oblongus
GCA_916701125.1	S-oculatus_ER03			Sebastes oculatus
GCA_916701075.1	S_pachycephalus_137687			Sebastes pachycephalus
GCA_036937225.1	fSebPau1.0.hap1			Sebastes paucispinis
GCA_916701065.2	S-pinniger_SEB-72_chr			Sebastes pinniger
GCA_916701505.1	S-polyspinis_KUI2030			Sebastes polyspinis
GCA_916701495.1	S-proriger_KUI3229			Sebastes proriger
GCA_916701435.1	S-rastrelliger_xSEB-1			Sebastes rastrelliger
GCA_916701525.1	S-reedi_SEB-7			Sebastes reedi
GCA_916701555.1	S-rosaceus_SEB-73			Sebastes rosaceus
GCA_916701545.1	S-rosenblatti_SEB-147			Sebastes rosenblatti
GCA_916701515.1	S-ruberrimus_582396486			Sebastes ruberrimus
GCA_916701605.1	S-rubrivinctus_UW156309			Sebastes rubrivinctus
GCA_916701375.1	S-saxicola_KUI2167			Sebastes saxicola
GCA_014673565.1	ASM1467356v1			Sebastes schlegelii
GCA_916701475.1	S_scythropus_145769			Sebastes scythropus
GCA_916701385.1	S-semicinctus_xSEB-12			Sebastes semicinctus
GCA_916701455.1	S-serriceps_TREE_S68			Sebastes serriceps
GCA_916701425.1	S_steindachneri_141714			Sebastes steindachneri
GCA_916701585.1	S_taczanowskii_133425			Sebastes taczanowskii
GCA_916701625.1	S_thompsoni_137678			Sebastes thompsoni
GCA_916701465.1	S_trivittatus_137156			Sebastes trivittatus
GCF_015220745.1	fSebUmb1.pri	NCBI Sebastes umbrosus Annotation Release 100	2020-11-10	Sebastes umbrosus
GCA_916701445.1	S-variabilis_KUI2038			Sebastes variabilis
GCA_916701405.1	S-variegatus_KUI3213			Sebastes variegatus
GCA_916701615.1	S_vulpes_130347			Sebastes vulpes
GCA_916701595.1	S-wilsoni_KUI3199			Sebastes wilsoni
GCA_916701415.1	S-zacentrus_KUI3201			Sebastes zacentrus
GCA_916701635.1	S_zonatus_130348			Sebastes zonatus
GCA_916701655.1	S_albofasciatus_133423			Sebastiscus albofasciatus
GCA_916701665.1	S_tertius_139529			Sebastiscus tertius
GCA_916701645.2	B-alascanus_SEB-31_chr			Sebastolobus alascanus
GCA_916701675.1	B-altivelis_xSEB-32			Sebastolobus altivelis
GCA_900303245.1	ASM90030324v1			Selene dorsalis
GCA_034552555.1	ASM3455255v1			Semaprochilodus insignis
GCA_022749685.1	fSemPul1.0.p			Semicossyphus pulcher
GCA_031834385.1	ASM3183438v1			Semotilus atromaculatus
GCF_021018895.1	ASM2101889v1	GCF_021018895.1-RS_2023_05	2023-05-24	Seriola aureovittata
GCF_002260705.1	Sdu_1.0	NCBI Seriola dumerili Annotation Release 100	2017-10-02	Seriola dumerili
GCF_002814215.2	Sedor1	NCBI Seriola lalandi dorsalis Annotation Release 100	2021-06-07	Seriola lalandi dorsalis
GCA_002217815.1	Squ_2.0			Seriola quinqueradiata
GCA_002994505.1	ASM299450v1			Seriola rivoliana
GCA_015106695.1	JWF5.scf			Serranochromis macrocephalus
GCA_903364295.1	serranus_cabrilla_genome			Serranus cabrilla
GCA_030347295.1	S_ten_1.0			Setipinna tenuifilis
GCA_946808225.1	fSilAri3.1			Silurus aristotelis
GCA_024362625.1	ASM2436262v1	Annotation submitted by Southwest University	2022-07-25	Silurus asotus
GCA_014706435.1	S_gla_Hod_UTU_1.0			Silurus glanis
GCA_039877035.1	ASM3987703v1			Silurus lanzhouensis
GCF_014805685.1	ASM1480568v1	NCBI Silurus meridionalis Annotation Release 100	2022-02-16	Silurus meridionalis
GCF_900408965.1	fSimDia1.1	NCBI Simochromis diagramma Annotation Release 100	2021-02-24	Simochromis diagramma
GCA_031762415.1	ASM3176241v1			Simpsonichthys santanae
GCA_040182825.1	SW_HiC			Sinibrama wui
GCF_020085105.1	ASM2008510v1	NCBI Siniperca chuatsi Annotation Release 100	2021-09-30	Siniperca chuatsi
GCA_011952075.1	sinKne6b			Siniperca knerii
GCA_029911005.1	ASM2991100v1			Siniperca obscura
GCA_027580175.1	ASM2758017v1			Siniperca scherzeri
GCA_029910985.1	ASM2991098v1			Siniperca undulata
GCA_018155175.1	ASM1815517v1			Sinocyclocheilus anophthalmus
GCF_001515605.1	SAMN03320099.WGS_v1.1	NCBI Sinocyclocheilus anshuiensis Annotation Release 100	2016-04-25	Sinocyclocheilus anshuiensis
GCF_001515645.1	SAMN03320097.WGS_v1.1	NCBI Sinocyclocheilus grahami Annotation Release 100	2016-04-15	Sinocyclocheilus grahami
GCA_018148995.1	ASM1814899v1			Sinocyclocheilus maitianheensis
GCF_001515625.1	SAMN03320098_v1.1	NCBI Sinocyclocheilus rhinocerous Annotation Release 100	2016-04-26	Sinocyclocheilus rhinocerous
GCA_029814505.1	ASM2981450v1			Siphamia roseigaster
GCA_020466265.1	ASM2046626v1			Siphamia tubifer
GCA_026260075.1	ASM2626007v1			Sisor rabdophorus
GCF_019176455.1	IFAPA_SoseM_1	NCBI Solea senegalensis Annotation Release 100	2021-09-30	Solea senegalensis
GCF_958295425.1	fSolSol10.1	GCF_958295425.1-RS_2023_08	2023-08-02	Solea solea
GCA_030272975.1	ASM3027297v1			Sparidentex hasta
GCF_900880675.1	fSpaAur1.1	NCBI Sparus aurata Annotation Release 100	2019-08-09	Sparus aurata
GCA_900880675.2	fSpaAur1.2			Sparus aurata
GCA_015108895.1	JUB6.scf			Spathodus erythrodon
GCA_015110135.1	JZD3.scf			Spathodus marlieri
GCA_025447795.1	ASM2544779v1			Speoplatyrhinus poulsoni
GCF_902148855.1	fSphaOr1.1	NCBI Sphaeramia orbicularis Annotation Release 100	2019-07-25	Sphaeramia orbicularis
GCA_039654775.1	ASM3965477v1			Spinibarbus caldwelli
GCA_900302685.1	ASM90030268v1			Spondyliosoma cantharus
GCA_963457725.1	fSprSpr1.1			Sprattus sprattus
GCA_029874215.1	ASM2987421v1			Squalius alburnoides
GCA_029875075.1	ASM2987507v1			Squalius carolitertii
GCA_022829025.1	ASM2282902v1			Squalius cephalus
GCA_029874195.1	ASM2987419v1			Squalius pyrenaicus
GCA_029875095.1	ASM2987509v1			Squalius sp. SCEF-FRISK3481
GCA_030220085.1	ASM3022008v1			Squalius squalus
GCA_015108535.1	JWE8.scf			Steatocranus sp. 'ultraslender' AB-2019
GCF_000690725.1	Stegastes_partitus-1.0.2	NCBI Stegastes partitus Annotation Release 100	2014-06-16	Stegastes partitus
GCA_024331685.1	ASM2433168v1			Stegophilus panzeri
GCA_028565775.1	ASM2856577v1			Sternarchorhynchus goeldii
GCA_015708495.1	Z09.scf			Stomatepia pindu
GCA_019775895.2	ASM1977589v2			Stomatorhinus ivindoensis
GCA_026784285.1	ASM2678428v1			Stomatorhinus walkeri
GCA_900312615.1	ASM90031261v1			Stylephorus chordatus
GCA_947650265.1	fSymMel2.1			Symphodus melops
GCA_029721515.1	BGI_Synver_1.0			Synanceia verrucosa
GCA_029718625.1	SKAU_1.1	Annotation submitted by GenoFish	2023-04-14	Synaphobranchus kaupii
GCF_027744825.2	RoL_Sspl_1.0	GCF_027744825.2-RS_2023_02	2023-02-23	Synchiropus splendidus
GCF_019802595.1	ASM1980259v1	GCF_019802595.1-RS_2023_12	2023-12-20	Syngnathoides biaculeatus
GCF_901709675.1	fSynAcu1.2	NCBI Syngnathus acus Annotation Release 100	2020-10-30	Syngnathus acus
GCA_010014945.2	ASM1001494v2			Syngnathus floridae
GCA_901007895.1	Syngnathus_rostellatus_assembly			Syngnathus rostellatus
GCF_024217435.1	RoL_Ssco_1.1	GCF_024217435.1-RS_2023_02	2023-02-26	Syngnathus scovelli
GCA_024217435.4	RoL_Ssco_1.2			Syngnathus scovelli
GCF_033458585.1	RoL_Styp_1.0	GCF_033458585.1-RS_2023_12	2023-12-02	Syngnathus typhle
GCA_025674565.1	ASM2567456v1			Synodontis membranacea
GCF_022655615.1	HZAU_PFXX_2.0	NCBI Tachysurus fulvidraco Annotation Release 101	2022-04-14	Tachysurus fulvidraco
GCF_030014155.1	HZAU_Pvac_v1	GCF_030014155.1-RS_2023_11	2023-11-04	Tachysurus vachellii
GCA_029959045.1	Taenioides_sp.chr.v1			Taenioides sp. WSHXM2023
GCA_004026145.2	XU_Tbim_1.0	Annotation submitted by College of Ocean and Earth Sciences, Xiamen University	2019-06-21	Takifugu bimaculatus
GCF_003711565.1	ASM371156v2	GCF_003711565.1-RS_2023_06	2023-06-02	Takifugu flavidus
GCA_027382335.1	ASM2738233v1			Takifugu ocellatus
GCF_901000725.2	fTakRub1.2	NCBI Takifugu rubripes Annotation Release 103	2019-06-20	Takifugu rubripes
GCA_901000725.3	fTakRub1.3			Takifugu rubripes
GCA_039654325.1	ASM3965432v1			Tandanus tandanus
GCA_015113095.1	LJA8.scf			Tangachromis dhanisi
GCA_015110155.1	JYH3.scf			Tanganicodus irsacae
GCA_910589615.1	fTauBub2.1			Taurulus bubalis
GCA_020745685.1	fTauAds1.pri.cur			Tautogolabrus adspersus
GCA_933228915.1	fTelBon1.1			Telmatherina bonti
GCA_015111975.1	KYB8.scf			Telmatochromis bifrenatus
GCA_015107635.1	JBE9.scf			Telmatochromis brachygnathus
GCA_015108855.1	JVI9.scf			Telmatochromis brichardi
GCA_015111745.1	LBF7.scf			Telmatochromis dhonti
GCA_015108915.1	JUD5.scf			Telmatochromis sp. 'dhonti north' AB-2019
GCA_015112475.1	LHC1.scf			Telmatochromis sp. 'dhonti twiyu' AB-2019
GCA_015108675.1	JWC9.scf			Telmatochromis sp. 'longola' AB-2019
GCA_015102975.1	HXC8.scf			Telmatochromis sp. 'lufubu' AB-2019
GCA_015104875.1	IRI8.scf			Telmatochromis sp. 'shell' AB-2019
GCA_015102735.1	IMB4.scf			Telmatochromis temporalis
GCA_015107575.1	JBD6.scf			Telmatochromis vittatus
GCA_025802075.1	ASM2580207v1			Tenebrosternarchus preto
GCA_015244755.2	TenIli1.0			Tenualosa ilisha
GCA_027481765.1	ASM2748176v1			Tenualosa thibaudeaui
GCA_028564955.1	ASM2856495v1			Terapon puta
GCA_000180735.1	ASM18073v1	Annotation submitted by Genoscope	2004-05-14	Tetraodon nigroviridis
GCA_008086565.1	UOO_Thbifa_1.2			Thalassoma bifasciatum
GCF_902500255.1	fThaAma1.1	NCBI Thalassophryne amazonica Annotation Release 100	2020-04-28	Thalassophryne amazonica
GCA_023658055.1	Tpac_2.0			Thaleichthys pacificus
GCA_009823395.1	ASM982339v1			Thamnaconus septentrionalis
GCA_015106615.1	JWF8.scf			Thoracochromis brauschi
GCF_914725855.1	fThuAlb1.1	NCBI Thunnus albacares Annotation Release 100	2021-10-08	Thunnus albacares
GCA_914725855.2	fThuAlb1.2			Thunnus albacares
GCF_910596095.1	fThuMac1.1	NCBI Thunnus maccoyii Annotation Release 100	2021-07-16	Thunnus maccoyii
GCA_021601225.2	Tori_3.1			Thunnus orientalis
GCA_963924715.1	fThuThy2.1			Thunnus thynnus
GCA_023634145.1	fThyThy.pri.20220222			Thymallus thymallus
GCA_030578255.1	ASM3057825v1			Tiaroga cobitis
GCA_015108415.1	JWF7.scf			Tilapia sparmanii
GCA_037022345.1	ASM3702234v1			Tinca tinca
GCA_021397915.2	ASM2139791v2			Tor tambroides
GCA_016801885.1	ASM1680188v1			Toxotes chatareus
GCF_017976425.1	fToxJac2.pri	NCBI Toxotes jaculatrix Annotation Release 100	2021-04-20	Toxotes jaculatrix
GCA_037833715.1	ASM3783371v1			Toxotes lorentzi
GCA_037074605.1	ASM3707460v1			Trachinotus ovatus
GCA_905171665.2	fTraTra1.2			Trachurus trachurus
GCA_900323305.1	ASM90032330v1			Trachyrincus murrayi
GCA_900303215.1	ASM90030321v1			Trachyrincus scabrus
GCA_015112415.1	LJC8.scf			Trematocara caparti
GCA_015104355.1	IUD9.scf			Trematocara macrostoma
GCA_015104795.1	ISA3.scf			Trematocara marginatum
GCA_015104335.1	IUE5.scf			Trematocara nigrifrons
GCA_015107995.1	IZE1.scf			Trematocara stigmaticum
GCA_015106295.1	IXA6.scf			Trematocara unimaculatum
GCA_015103455.1	Bel33.scf			Trematocara variabile
GCA_015110815.1	LFE4.scf			Trematocara zebra
GCA_015103355.1	DMD1.scf			Trematochromis benthicola
GCF_902827165.1	fTreBer1.1	NCBI Trematomus bernacchii Annotation Release 100	2020-05-01	Trematomus bernacchii
GCA_943593355.1	fTreHan1			Trematomus hansoni
GCA_012861695.1	KUTl01			Trematomus loennbergii
GCA_943590805.1	fTreSco1			Trematomus scotti
GCF_030014385.1	fTriRos1.hap1	GCF_030014385.1-RS_2024_02	2024-02-08	Trichomycterus rosablanca
GCA_038048895.1	ASM3804889v1			Tricuspidalestes caeruleus
GCA_015107115.1	JEG5.scf			Triglachromis otostigma
GCA_016785345.1	ASM1678534v1			Trinectes maculatus
GCA_029783895.1	ASM2978389v1			Triplophysa bombifrons
GCF_015846415.1	ASM1584641v1	GCF_015846415.1-RS_2023_06	2023-06-01	Triplophysa dalaica
GCF_024868665.1	Trosa_1v2	GCF_024868665.1-RS_2023_06	2023-06-09	Triplophysa rosa
GCA_006030095.1	ASM603009v1			Triplophysa siluroides
GCA_008369825.1	ASM836982v1	Annotation submitted by Gooalgene	2019-09-12	Triplophysa tibetana
GCA_033220385.1	ASM3322038v1			Triplophysa yarkandensis
GCA_027123545.1	ASM2712354v1			Trisopterus esmarkii
GCA_027122455.1	ASM2712245v1			Trisopterus luscus
GCA_027122715.1	ASM2712271v1			Trisopterus minutus
GCA_025674515.1	ASM2567451v1			Trogloglanis pattersoni
GCA_015106575.1	JWG4.scf			Tropheus annectens
GCA_015110215.1	JYI8.scf			Tropheus brichardi
GCA_015109155.1	KHA5.scf			Tropheus duboisi
GCA_902810505.1	TMv1.0			Tropheus moorii
GCA_015111015.1	LEF8.scf			Tropheus polli
GCA_015052705.1	JVC3.scf			Tropheus sp. 'black'
GCA_015110695.1	LGA5.scf			Tropheus sp. 'brichardi kipili' AB-2019
GCA_015111495.1	LCF1.scf			Tropheus sp. 'Kirschfleck'
GCA_015109315.1	KEF2.scf			Tropheus sp. 'lukuga' AB-2019
GCA_015109455.1	KED6.scf			Tropheus sp. 'lunatus' AB-2019
GCA_015111195.1	LDI5.scf			Tropheus sp. 'mpimbwe' AB-2019
GCA_015113295.1	LHD9.scf			Tropheus sp. 'murago' AB-2019
GCA_015105585.1	IOD9.scf			Tropheus sp. 'red' AB-2019
GCA_015107715.1	JAG2.scf			Tylochromis polylepis
GCA_027564635.1	ASM2756463v1			Typhlichthys eigenmanni
GCA_027564835.1	ASM2756483v1			Typhlichthys subterraneus
GCA_016801145.1	ASM1680114v1			Umbra pygmaea
GCA_027122555.1	ASM2712255v1			Urophycis chuss
GCA_027123175.1	ASM2712317v1			Urophycis cirrata
GCA_027123135.1	ASM2712313v1			Urophycis floridana
GCA_027123015.1	ASM2712301v1			Urophycis regia
GCA_036785325.1	fUroTen1_p1.0			Urophycis tenuis
GCA_963556495.2	fValHis1.1_MT			Valencia hispanica
GCA_015102225.1	AUC3.scf			Variabilichromis moorii
GCA_026259375.1	ASM2625937v1			Verasper variegatus
GCA_022828995.1	ASM2282899v1			Vimba vimba
GCA_943590875.1	fVomInf1			Vomeridens infuscipinnis
GCA_014839995.1	fXenCan1.pri			Xenentodon cancila
GCA_015107655.1	JAH7.scf			Xenochromis hecqui
GCA_040091335.1	XC_V1.0	Annotation submitted by University of St Andrews	2024-06-07	Xenoophorus captivus
GCA_040091345.1	Xenotaenia_resolanae_V1.0	Annotation submitted by University of St Andrews	2024-06-07	Xenotaenia resolanae
GCA_015104175.1	IVB4.scf			Xenotilapia bathyphilus
GCA_015105375.1	IPE7.scf			Xenotilapia boulengeri
GCA_015106215.1	IXC1.scf			Xenotilapia caudafasciata
GCA_015105975.1	JAF7.scf			Xenotilapia flavipinnis
GCA_015105755.1	INF1.scf			Xenotilapia leptura
GCA_015109775.1	KAF6.scf			Xenotilapia longispinis
GCA_015102635.1	IMF8.scf			Xenotilapia nasus
GCA_015106095.1	IXF4.scf			Xenotilapia nigrolabiata
GCA_015106855.1	JVH4.scf			Xenotilapia ochrogenys
GCA_015110015.1	JZE6.scf			Xenotilapia ornatipinnis
GCA_015106585.1	IVF4.scf			Xenotilapia papilio
GCA_015105935.1	JBE7.scf			Xenotilapia rotundiventralis
GCA_015102085.1	IUF7.scf			Xenotilapia sima
GCA_015104975.1	IRD9.scf			Xenotilapia singularis
GCA_015103635.1	Bel01.scf			Xenotilapia sp. 'kilesa' AB-2019
GCA_015103175.1	GPF9.scf			Xenotilapia sp. 'papilio sunflower'
GCA_015111115.1	LEA3.scf			Xenotilapia sp. 'spilopterus north' AB-2019
GCA_015103795.1	AXB5.scf			Xenotilapia spiloptera
GCA_015118035.1	LHG6.scf			Xenotilapia tenuidentata
GCF_016859285.1	ASM1685928v1	NCBI Xiphias gladius Annotation Release 100	2021-03-15	Xiphias gladius
GCA_036418095.1	xbir-COAC-16-VIII-22-M_v2023.1			Xiphophorus birchmanni
GCF_001444195.1	X_couchianus-1.0	NCBI Xiphophorus couchianus Annotation Release 101	2019-01-28	Xiphophorus couchianus
GCF_003331165.1	Xiphophorus_hellerii-4.1	NCBI Xiphophorus hellerii Annotation Release 100	2020-02-06	Xiphophorus hellerii
GCF_002775205.1	X_maculatus-5.0-male	NCBI Xiphophorus maculatus Annotation Release 102	2017-12-14	Xiphophorus maculatus
GCA_025769995.1	ASM2576999v1			Xyliphius kryptos
GCF_025860055.1	RBS_HiC_50CHRs	GCF_025860055.1-RS_2023_02	2023-02-25	Xyrauchen texanus
GCA_962446985.1	fXyrNov1.1	Annotation submitted by IMEDEA	2023-08-18	Xyrichtys novacula
GCA_036877545.1	ASM3687754v1			Yasuhikotakia modesta
GCA_038088235.1	ASM3808823v1			Zacco platypus
GCA_029814745.1	ASM2981474v1			Zanclus cornutus
GCA_028564865.1	ASM2856486v1			Zenarchopterus dispar
GCA_960531495.1	fZeuFab8.1			Zeus faber
GCA_023566125.1	ASM2356612v1			Zingel zingel
GCA_040110945.1	Zoavi_1_2	Annotation submitted by University of Trier	2024-06-12	Zoarces viviparus
